x18,y18,z18,x23_aligned,y23_aligned,z23_aligned,drift,time_index,x18_vr,y18_vr,z18_vr,x23_vr,y23_vr,z23_vr
-0.03850988962813164,-0.010809031348065632,0.004307439881958642,-0.036134466245972816,0.0021685136236651533,-0.01597681844264928,0.024197323106435298,0,0.23806047096487346,0.3131702372908303,0.5762708382757622,0.14699341928957746,0.591141345418383,0.1916079405298365
-0.03898271313015389,-0.01097206564881479,0.0051934731082094185,-0.037062671944461896,0.0015413437272320397,-0.016213214707017174,0.024870027253420145,1,0.2345565077328676,0.3100943002504074,0.5906743702814264,0.13696929392028473,0.5681493760015823,0.18786792106676373
-0.033559485480479996,-0.006337688588075053,0.017418023828503642,-0.01564289008779615,-0.012905570237384787,0.033587191026134736,0.025011665831955878,2,0.27474653678595135,0.3975302078778966,0.7893990933933202,0.3682914879809634,0.038527329518290146,0.9757589108374329
-0.029471303611444063,-0.005525400666292121,0.021447391817482123,-0.013489432433279413,-0.013305134691660829,0.0340608767441015,0.02179551490226794,3,0.3050429135387738,0.41285548908939146,0.8549012992614148,0.39154767951423775,0.023879346946098657,0.9832530808883533
-0.02653723263015767,-0.008655772477227909,0.019874266186335685,-0.015237930913669533,-0.013238523692057896,0.03384327546645938,0.01854208856211833,4,0.3267864960691514,0.35379536150085455,0.8293282567322678,0.3726648305897172,0.026321297802482744,0.9798104164463106
-0.029547102974296406,-0.0063026774262520836,0.02314677620407063,-0.014696790044278223,-0.013557272550446664,0.03440370928864176,0.0199969869481871,5,0.30448118558043813,0.3981907567868357,0.8825268291816954,0.3785088627111063,0.014636004797517426,0.9886770261126311
-0.03085963640671067,-0.0039455795948346705,0.021934164153485647,-0.014865430027378604,-0.013743269782774622,0.03435397882766222,0.02249580332560749,6,0.29475436602031047,0.44266167176755833,0.8628143669809704,0.3766876410404945,0.007817369685061843,0.9878902417170806
-0.02692145346790689,-0.0073160655641020395,0.02049033557247501,-0.014394167051279423,-0.012635628151162403,0.03337096562793617,0.018738764145682627,7,0.32393914249496203,0.3790713561747287,0.8393432029646072,0.3817770292677095,0.04842337240241209,0.9723380141501031
-0.028418134551195594,-0.004785965981954277,0.022202699369656593,-0.014143958359452466,-0.012849754853567472,0.033725094440545805,0.02003852252758499,8,0.31284765600274544,0.42680626217258233,0.8671797287599331,0.38447914938983635,0.04057351445958471,0.9779406773526557
-0.02842448106492206,-0.005106899437491344,0.02413309290577616,-0.01440265620161095,-0.013066285619067012,0.0338317204577388,0.018815599306865462,9,0.31280062375782985,0.42075127191064826,0.8985605892708638,0.38168535098202294,0.03263552386648424,0.9796276049385803
-0.02928958527962052,-0.005869982127332781,0.0231361372350022,-0.013357740556135141,-0.012831888159253539,0.0335649025535718,0.02027439167916867,10,0.30638957746425094,0.4063543364203664,0.8823538799886581,0.3929698813912145,0.041228505222983186,0.9754062854632105
-0.03188534231134716,-0.007172307811268951,0.023899108004995763,-0.01470691919289431,-0.013622262023651318,0.03438913102702309,0.021136241699533237,11,0.28715314535059755,0.3817836062641599,0.8947568842772107,0.3783994733206111,0.012253498894677518,0.9884463837954295
-0.06097981364596867,-0.00039179524883260487,0.0014042587786852947,-0.014626096631528156,-0.01327173403363772,0.034059195127714624,0.05814554817107081,12,0.07154212480034237,0.5097102428554394,0.5290761499725021,0.3792723137794884,0.025103810862711795,0.9832264760770076
-0.06128990306606163,0.001273967098750653,0.00036654453272404305,-0.014700996727478422,-0.01395651027761353,0.03511940308514144,0.06008539600020583,13,0.06924413850737543,0.5411378631901109,0.5122068612013764,0.3784634327812358,0.0,1.0
-0.05963407129045822,0.0003407925742235749,-0.0005807944360794773,-0.012875964044460377,-0.012805785794189395,0.034030152412701346,0.059641183403703446,14,0.0815150464366271,0.5235318375134147,0.496806730875437,0.3981728101826123,0.04218541463887535,0.9827669919997081
-0.05965930098675308,0.00010220579263944219,-0.0019078576981558897,-0.0115036219332711,-0.01207192940397134,0.033482866740181624,0.060989198790914294,15,0.08132807618706511,0.519030466234747,0.4752337270618658,0.41299337139497483,0.06908849748162256,0.9741083988846359
-0.060032443199707936,0.002109652852259579,-0.0008346582768983225,-0.01083935393637759,-0.012236187787133514,0.03364633179810561,0.06176327267457069,16,0.07856282321442079,0.5569045868277753,0.49267986988650136,0.42016711067551193,0.06306680584177103,0.9766945755308818
-0.05885814332925314,0.002787083940875586,-0.0003831143588930544,-0.00951252874167218,-0.011563563273152827,0.03344441079245152,0.0615242408514923,17,0.08726523236249493,0.5696855499026193,0.5000202574501514,0.4344961135210161,0.08772513581326327,0.9734999882848911
-0.060961973437056144,0.0055976151606711875,0.0007084892938192159,-0.010311227160744339,-0.011844072014631116,0.03294111694398367,0.06251921972563769,18,0.07167433361782592,0.622711306093247,0.517765583114599,0.42587059754102624,0.07744172067823554,0.9655373887321961
-0.058455500978308005,0.003692686681703041,0.0004896135725017193,-0.008717812694460361,-0.011537892204127537,0.033639626253802686,0.061682505702906704,19,0.09024910263824483,0.5867713839977742,0.5142074959415033,0.44307862201369985,0.08866623397068894,0.976588487279993
-0.06164830207642745,0.0049042124514116076,-0.00037901611740475083,-0.00982500115542138,-0.010981392496989244,0.03258575966377765,0.06344039253684859,20,0.06658814330126142,0.6096290094995825,0.500086879277296,0.431121578485338,0.1090674431482195,0.9599152899741261
-0.06566144351336255,0.00951816743167469,0.0037909890357072933,-0.00902460318455976,-0.011745255197190186,0.03340564761102655,0.06735646091398177,21,0.036847870282433935,0.6966796176318613,0.5678753108023621,0.43976544871615486,0.08106433276052599,0.9728867169484441
-0.06680817098291268,0.010485971273837874,0.006150374640485646,-0.009430542939820008,-0.011329349182050634,0.033641305400433065,0.06725958430211136,22,0.028349792515043812,0.7149389880360905,0.6062299515373699,0.4353815163553296,0.09631139489590036,0.9766150530173822
-0.06804990647067645,0.011214464147165983,0.006910494746118671,-0.007774228531324314,-0.010929651326844371,0.03292456500897172,0.06928384409669734,23,0.019147636796489054,0.7286833240589848,0.618586614860214,0.4532688265805879,0.1109642679293931,0.9652755209769601
-0.06856067820758828,0.010988293885175329,0.007671306121400325,-0.009078163947063027,-0.010413239157440754,0.03339412774663508,0.06824850673598232,24,0.015362449769126322,0.7244162128860447,0.6309545155996849,0.43918702111214253,0.12989587302223718,0.9727044614582767
-0.06799873564640667,0.01233906111267927,0.006934873522393672,-0.008107071689795879,-0.010233288225648148,0.032462414504311615,0.06890702224538935,25,0.019526849517569715,0.7499008804006518,0.6189829210865863,0.44967429839113443,0.13649285151854426,0.9579638492510152
-0.06649996799860118,0.012329027827493448,0.00786989143265043,-0.007863773766631617,-0.011790814624609618,0.034196907167314716,0.06865188876802149,26,0.030633798958046653,0.7497115843237013,0.6341827578390296,0.45230178590587067,0.07939412988913189,0.9854052148560698
-0.06958299606800643,0.013629417956413455,0.005864587308941044,-0.00758537839929203,-0.01036699697990192,0.03332251435150687,0.07192683980175116,27,0.007786336951114269,0.7742457967327795,0.6015841359463066,0.45530830705628483,0.13159110542702232,0.9715714677017452
-0.06833281803818875,0.012551550819147524,0.0072741618329819685,-0.0045025254322644875,-0.011246264940579722,0.03212730425457251,0.0725142811956355,28,0.01705105799650886,0.7539098831432093,0.6244984592130572,0.48860147115437574,0.09935725272450711,0.9526620782621601
-0.06935391177527077,0.012929695067509262,0.010123769538486527,-0.006595771914246695,-0.009936239627700716,0.03260065837433714,0.07047443238537401,29,0.009484016815466805,0.7610442585158392,0.6708222477277392,0.4659955280984601,0.14738261570868383,0.96015100210611
-0.06102032996817642,0.0017844664425033247,0.0006281242595256864,-0.006067134068184535,-0.011250506950130598,0.03240646701904855,0.06480453178220855,30,0.0712418696254095,0.5507693568901785,0.5164591531644703,0.47170453425141284,0.09920174118861516,0.9570787054677438
-0.0618634798137273,0.00133731373264697,0.000879792496270075,-0.006227751103231605,-0.010560751289194932,0.03356804319638069,0.06561569929708236,31,0.06499352104449929,0.5423330120434039,0.5205503219777388,0.4699699561310924,0.12448809684996226,0.9754559734955626
-0.06208654840499593,0.0042326933641714986,-0.000806888987584805,-0.0068547107398409975,-0.011203558252108017,0.032869571456104044,0.06650517080533257,32,0.06334042186758093,0.5969595870265113,0.4931312929658528,0.46319912719835804,0.1009228745453545,0.9644054693345679
-0.0629566031024071,0.003132929437845168,-0.0006911869072053806,-0.007776162522414927,-0.010931588695492309,0.03393161463428823,0.06664405509500962,33,0.05689268892595726,0.5762105508962996,0.49501216895164263,0.45324794051062844,0.11089324423875396,0.98120802823986
-0.06562821072500469,0.002860964207512924,0.0008612170932833302,-0.006866795345770751,-0.009756065420330527,0.033577821260582306,0.06842857270351672,34,0.03709414921739579,0.5710794347947057,0.5202483565395241,0.4630686199141693,0.1539877794595455,0.9756106720079227
-0.06792898530444987,0.01592746160927652,0.017127611573833683,-0.004966717191695928,-0.011971796424871162,0.03267651008645531,0.0706001703235486,35,0.020043749867470206,0.8176025477960174,0.7846780941338725,0.483588448287238,0.07275935988458221,0.961351050171116
-0.06582237643667388,0.01799915066157596,0.019525171722017544,-0.00539594723441133,-0.009886612910292593,0.03308051821752114,0.0679169829625504,36,0.03565524122806092,0.8566887098056363,0.8236533078242192,0.47895299327177127,0.14920192491882456,0.9677428528396825
-0.06574377702027456,0.015004531042590082,0.01821247040983147,-0.004843206327207307,-0.009215154420045205,0.03321286182759182,0.06723454779602736,37,0.036237719603062185,0.8001897929170475,0.8023137747189472,0.484922299600712,0.17381750860710435,0.9698366578276808
-0.06838200351956884,0.013241938276034987,0.013528707070337499,-0.003234367854613524,-0.010949715903723678,0.031663631455232634,0.07182148736368983,38,0.01668655809841315,0.7669352915457689,0.7261735881338178,0.5022968950965951,0.11022870306795166,0.945326322349665
-0.07054593468854735,0.012665788066223899,0.011941884424867502,-0.003034085128753102,-0.00900177126642721,0.03278674027602565,0.07390426898274423,39,0.0006502671351619408,0.7560651754839222,0.7003778842209367,0.5044598414743179,0.1816401081450409,0.9630949992792529
-0.06747764218381873,0.016445940179830514,0.015755895584216036,-0.004563935018028297,-0.010617368310788695,0.03253730474609479,0.07051363633553188,40,0.02338852797800474,0.8273845840454708,0.762379206717717,0.4879382804547552,0.12241252396874223,0.9591486859175856
-0.06830357404029148,0.0185431074563223,0.01809536933135363,-0.002737234799382645,-0.01062120466242799,0.03253120534291702,0.07319764548239634,41,0.017267777116752685,0.8669514388489209,0.8004101563423649,0.507665666349525,0.12227188380079987,0.959052187410475
-0.06534464759470156,0.017462027561070355,0.019783202931289556,-0.004173804763981782,-0.00930392828373741,0.03272224978092846,0.06801255279934705,42,0.03919555656767573,0.8465549107675187,0.8278479143819623,0.49215147865347564,0.170563069944422,0.9620746967482818
-0.06881002369601927,0.015632296052832173,0.01473099286907605,-0.004089963788250343,-0.010593166606669056,0.031947080224199335,0.07192256050773865,43,0.013514619828795614,0.8120337155689812,0.7457181847347414,0.493056916373998,0.12329975539378009,0.9498107583264944
-0.06433391755323858,0.001132934923389304,0.00456370012422607,-0.00413516140846857,-0.009964377516352568,0.032883255320826726,0.06744655507359917,44,0.04668579528809235,0.5384770360507174,0.5804366556423373,0.49256880623612803,0.14635108425442225,0.9646219614205565
-0.06732995201191899,0.01609507804026802,0.014477840048467226,-0.004047631034841595,-0.008429464810977425,0.03181354270332928,0.0700473549596715,45,0.02448301869145695,0.8207649350133154,0.7416028822314792,0.49351408748174636,0.20262079072495226,0.9476980645052111
-0.06708127392787495,0.018854349969737626,0.021578499335745294,-0.00187170685508047,-0.010677005528764622,0.0313833411857054,0.07225319037317958,46,0.026325902683832975,0.8728235919551651,0.8570326091034595,0.5170129054781298,0.12022623106851879,0.9408918569144991
-0.06466326721674773,0.01773798240480326,0.02590202560253726,-0.0014409344605985286,-0.0087759526273519,0.030939561273834064,0.0687417549649279,47,0.04424507669759546,0.8517612981438053,0.9273167103268173,0.5216650170682078,0.18991859101370456,0.9338708258835834
-0.06440300460550874,0.012963810870549245,0.02327419365911421,-0.0016939825504230768,-0.008833338391501123,0.030882788966030722,0.06682385715896498,48,0.04617381039324907,0.761687914861481,0.8845981526235559,0.5189322329655134,0.1878148361272176,0.932972632603263
-0.07046421674079864,0.013303388856037919,0.01999411917636712,-0.0006485495815871876,-0.01126093523093955,0.030480220004398664,0.0747501953797547,49,0.0012558560770859321,0.7680946679120791,0.8312766107293263,0.5302223501904575,0.09881944172750765,0.9266035989987821
-0.07063368149516017,0.01676937537314357,0.019610003674945312,-0.0011414655965829047,-0.008424358813250226,0.03138256547187855,0.07484975299900297,50,0.0,0.8334867741166183,0.8250323528903603,0.5248991207178393,0.20280797595857666,0.940879584365193
-0.0652976889891181,0.018331539442718887,0.024608265078723632,-0.0014353141245470953,-0.009976304178773368,0.030546940407441336,0.07010709520798711,51,0.03954355370971069,0.8629598255097579,0.9062850824371199,0.5217257136932003,0.14591385431213216,0.927659180848313
-0.0658968023125696,0.013773623388638037,0.022445269181120928,-0.0009273177973478315,-0.00864935293169209,0.029864931262924166,0.06912940886948098,52,0.035103691798869976,0.7769664931038593,0.8711229917657898,0.5272118024764029,0.19455971991249416,0.9168691310084465
-0.06827312978431978,0.012179305405120756,0.020610856789833452,-0.001121391172819382,-0.008324823439865518,0.02996961654153126,0.07083333736545999,53,0.017493391015161685,0.7468867999523033,0.8413024197977381,0.5251159137636581,0.20645693021127032,0.9185253542171111
-0.06616193467160117,0.013531995020599935,0.02370755389360029,0.0007378936396395481,-0.010502035339999738,0.029465042215456042,0.07131879356259484,54,0.03313886975916966,0.7724077367939902,0.8916429426184129,0.5451951958534453,0.12664061615270958,0.9105424962597989
-0.06894309351485048,0.013659754818707596,0.022295796932525834,0.002352018504790908,-0.009021701843149616,0.028130417349893678,0.07504321601325258,55,0.012528476478306438,0.7748181565245041,0.8686931412220261,0.5626268815630976,0.18090945571247533,0.8894274292072333
-0.06928326813188113,0.01820109356826226,0.023932677375837305,0.0027300432380007924,-0.009574006709054249,0.027776493887336887,0.07727967478738913,56,0.010007537173388002,0.8604987280893517,0.8953025946332119,0.5667093466078151,0.16066202888626802,0.8838280148427976
-0.06509489804270215,0.017226798374922424,0.025940802538065143,0.002167953442700359,-0.010439698205696225,0.02861750992530152,0.07277974296072763,57,0.04104638091052894,0.8421168866012163,0.9279470758880738,0.5606390772849018,0.12892588764547205,0.8971337088187776
-0.06596365508258258,0.01668900375532958,0.025550597280214936,0.003617812351894458,-0.009243009271887039,0.026839630704620053,0.0742678363569867,58,0.034608264547302876,0.8319704181406257,0.9216038217597764,0.5762967784789422,0.17279635324665207,0.8690059255557001
-0.06491856317900231,0.016242720070174358,0.02758724225308909,0.002732402058400488,-0.010262526964371037,0.027933480682875874,0.07265879918471554,59,0.04235314945372185,0.8235504690170515,0.9547119267177561,0.5667348206072192,0.1354209630393207,0.8863116990597677
-0.07052635941339026,0.015094422430993773,0.022421456587605755,0.00409259318342064,-0.009256303855594963,0.02540855549620722,0.07854851187144951,60,0.0007953340451473035,0.8018857565880997,0.8707358895187498,0.5814241576642916,0.17230897548225343,0.8463649200097942
-0.06754026545340415,0.019222000086481124,0.02450045334761928,0.005214371462873116,-0.008275547982329802,0.025667543178827933,0.07778633839749761,61,0.022924444375652452,0.8797599765491475,0.9045324735353989,0.5935387634333418,0.20826336227872663,0.8504623577433709
-0.06578461212888723,0.01979408168064599,0.02747274166519419,0.00461991247100936,-0.009474332822176336,0.026110391349560797,0.07625806954040319,62,0.03593510199090506,0.8905533308160101,0.9528505824322938,0.5871189240905694,0.16431606102617802,0.8574686477207349
-0.06459560117622254,0.016341617714571623,0.02849904008667236,0.005063617908042464,-0.008940171485990188,0.025202369859210663,0.07417845848492612,63,0.044746530870329294,0.825416352001272,0.9695342932945539,0.5919107056268137,0.18389834833792093,0.8431028621366076
-0.04595097946679836,-0.017783560258550664,0.008676843411097987,0.005232184453998705,-0.00807943586117577,0.02476736119289856,0.054523307509260203,64,0.18291662746042384,0.18158313128502723,0.6473007293825863,0.5937311342155247,0.21545280794166632,0.8362206007651645
-0.05321438667168544,-0.0075895450041408045,0.00879908621905754,0.005468591739182925,-0.009142135594170965,0.02442877241036343,0.06074857679937359,65,0.12908954044770315,0.3739116717675583,0.6492879327342689,0.5962842065234821,0.17649436956758613,0.8308637959948119
-0.06659677578672142,0.02088264045514406,0.027861584134308528,0.005952192278156587,-0.009482974532792282,0.025353811880292832,0.07868743395582477,66,0.02991638341356897,0.9110909614849557,0.9591716827963841,0.6015068338346703,0.16399925700334356,0.8454988226137703
-0.06655189263596398,0.019542183020685392,0.028281013639494607,0.006125480885233647,-0.009866172736129374,0.025913473854537367,0.07843760102713758,67,0.03024899993816647,0.8858008068683175,0.965990012090457,0.6033782581592979,0.1499512591293911,0.8543532208929192
-0.0626557529332116,0.016359327384617466,0.03037313793931163,0.0054280102095047396,-0.009539354315460711,0.0248807633402497,0.07305002872149939,68,0.05912220570482957,0.8257504769664931,1.0,0.5958459476959033,0.16193238127124815,0.838014733339051
0.020670368280728543,-0.01486419027845846,0.007444707930579567,0.006043467479855728,-0.008452934909461163,0.024960051452141693,0.023703115430748732,69,0.6766288730988127,0.23666232759648634,0.6272708904294154,0.602492557221662,0.20176037987038736,0.8392691486000504
0.0230365842879874,-0.016880920101931624,0.008135092095706798,0.007962437446741182,-0.01010061658292764,0.025443245696583475,0.02393270983137537,70,0.6941642406365047,0.19861307086927138,0.6384939124606449,0.6232164070744255,0.14135657723187164,0.8469137528136119
0.024954324297776814,-0.015096298875906865,0.005178584476682031,0.006898831078751359,-0.007127723207523934,0.022426915123886705,0.02621076007444879,71,0.7083760775145551,0.23228317898167652,0.5904323377318879,0.6117300268532493,0.2503424739648487,0.7991924612817333
0.025536123168145276,-0.019028043131697703,0.008032622891458282,0.007231311365717574,-0.006459634118029367,0.02291317994236515,0.026729422335741753,72,0.7126876268378746,0.15810371040184423,0.6368281527359969,0.6153206362244187,0.2748345358458759,0.806885644971331
0.025843244397750677,-0.021513256271327788,0.0089416523546868,0.00976741271320009,-0.006972014855926834,0.019473830636395555,0.024099934556107615,73,0.7149636166981569,0.11121566834929841,0.6516055161347798,0.6427091750986993,0.25605072252432454,0.7524717845026496
0.03360278570473986,-0.019129758522853188,0.012324554843547648,0.00777087735437452,-0.00656127974183719,0.021611009446046638,0.030190932197843752,74,0.7724674153051083,0.15618466552724672,0.7065986505080019,0.6211476604757326,0.27110822007843804,0.7862840376934295
0.029472969652295043,-0.019020169241223787,0.012492921795871947,0.006800722009716873,-0.006085439436134854,0.022836814305381557,0.028077289052637126,75,0.7418624992194579,0.15825226559084224,0.7093356571062316,0.6106705013520947,0.2885524657576564,0.8056774661137155
0.02752242396003781,-0.020436798007440967,0.011646518071049033,0.008600225442744809,-0.00949798166686611,0.024031324162949723,0.025121519094088506,76,0.7274075485691937,0.13152500099368014,0.6955763501423303,0.6301041765002944,0.1634490973582113,0.8245757770835735
0.02839150791285624,-0.01976891302349651,0.012302246584458304,0.006811026536016941,-0.007742116200088445,0.022361688660664937,0.02667495816626902,77,0.7338480875931164,0.14412585953336776,0.7062360030200023,0.6107817847278283,0.22781890423473428,0.7981605150172307
0.02739141848634182,-0.0234760933962897,0.012578303472758389,0.009437415666671852,-0.006651390570581143,0.02069257371103191,0.025908651526504695,78,0.7264367035053189,0.0741831948805596,0.7107236385941663,0.6391453833968384,0.2678047684453374,0.7717534886015414
0.02877553124499156,-0.025309314170373343,0.012912920775578087,0.009536252522103427,-0.009534593099007827,0.02322834051147811,0.026933242563496784,79,0.7366939775082314,0.03959616836917203,0.7161632438911446,0.6402127686020418,0.16210692686677827,0.8118717925554619
0.029897126125173656,-0.025730593644809563,0.015129888373937602,0.0077178190159828235,-0.008029198633582053,0.021958177490424034,0.02918709614616775,80,0.7450058046584377,0.031647968917683525,0.7522027092434902,0.6205746587835532,0.21729449837832265,0.7917765747536077
0.030704878001357485,-0.02404285550592035,0.014539221501505295,0.007900507969783348,-0.005948431064838042,0.023969886667104465,0.03060040741324597,81,0.7509918287512052,0.06349020231328749,0.7426007113164325,0.6225476018278184,0.29357517539441896,0.8236037759784031
0.0328604608549187,-0.02228703059840136,0.013489581208225068,0.008769113995478901,-0.009411485931187687,0.023807827324915848,0.029199980255196382,82,0.7669662526749664,0.09661701577964148,0.7255375503527401,0.6319280825900768,0.16662002013481825,0.8210398391261061
0.029573124749100767,-0.024961598953592228,0.01471364200089545,0.008561839779090715,-0.009298007732391839,0.022983660002348222,0.027481182357755082,83,0.7426047207359525,0.04615644500973807,0.7454361255774085,0.6296896318519708,0.17078011661111017,0.808000708260508
0.028843611430100873,-0.02642264014885374,0.013407399122283713,0.007763200928383599,-0.00866172876919142,0.023048611871214052,0.029202511248645504,84,0.7371985007910863,0.018591259589013823,0.7242015820503354,0.6210647591784809,0.19410602326839477,0.8090283101744837
0.0297286801706038,-0.026455465581882946,0.015384581738334803,0.007706622256776591,-0.008304716674693707,0.022557460510804445,0.0294256845381095,85,0.7437574986227424,0.0179719484081243,0.756343055132378,0.6204537397693781,0.2071940416902017,0.8012578166256183
0.02921527091080642,-0.023533462193605484,0.011131038294065997,0.008965187108645377,-0.009162882619374443,0.02285078519196968,0.027457820719146202,86,0.7399527656481605,0.07310082872928178,0.6871966085637154,0.6340455674009625,0.17573378623652883,0.8058984991655519
0.02759662023565738,-0.024672016222500627,0.014240204585590015,0.008139369252816735,-0.008117631170016588,0.022044581375374378,0.026712180318201002,87,0.7279573964947108,0.05161994713621365,0.737739832975735,0.625127176000757,0.2140525727299194,0.793143568484509
0.029750590126705122,-0.027085890334392144,0.013291203277869553,0.01106216108185999,-0.0071225120807125,0.01975031727537855,0.02809829185371447,88,0.7439198672027,0.006077844906395318,0.7223126793383835,0.6566917653696496,0.25053351321746103,0.7568460727928686
0.030421543031185404,-0.026633378638878796,0.0117349577931906,0.011154614681828033,-0.008478556801203772,0.019591086586545695,0.027613961026893185,89,0.7488921122320849,0.014615296712905875,0.6970140438209618,0.65769021482803,0.20082108454595135,0.7543268879954871
0.041731688843792955,-0.023337483956458783,0.010898057380156225,0.011594324710780753,-0.006474258481984511,0.016861652416746677,0.035045592533857584,90,0.8327084515352383,0.07679831273103065,0.6834092245799251,0.6624388480927602,0.27429840850508813,0.7111445773717555
0.04044683582316595,-0.02149400605749357,0.009410445096305491,0.012167111006175272,-0.006547790036520669,0.015973655887851088,0.032652839768763854,91,0.8231867637943509,0.11157885846019318,0.6592263039990227,0.6686246338988522,0.271602750976434,0.69709560620848
0.04319211777165139,-0.019517238203231656,0.005352873305662923,0.01183426805532014,-0.006464989389053223,0.016903083640827286,0.03587594314754353,92,0.8435312834043972,0.1488741603402361,0.593265611532554,0.6650301079515453,0.27463821228458984,0.7118000597451963
0.04414756434590527,-0.019621218325426463,0.008688104522850185,0.010775249719098715,-0.005915864737478664,0.017291971192398416,0.037088739830150645,93,0.8506118317528041,0.146912387217298,0.6474837922505878,0.6535932760209253,0.2947690528539762,0.7179526400988318
0.043501951411687605,-0.020628259949549956,0.007527034853971112,0.012065551882347033,-0.006286037723403041,0.018807244877953794,0.036348173158188654,94,0.8458273741826309,0.1279127250685639,0.6286092132381611,0.6675278496501593,0.2811985578099643,0.7419257476731526
0.047946795501814056,-0.020254618829185004,0.008701755452530503,0.012488330542332397,-0.007958007618354294,0.01944876357507333,0.039038539523644035,95,0.8787668752801647,0.13496214078460983,0.6477057044732135,0.6720936331807424,0.21990435203070086,0.7520751991442564
0.03400192479985855,-0.027408035157694428,0.006855917361479254,0.01126932733348961,-0.006161250566649103,0.017504492012397233,0.03288752020329927,96,0.7754253239280309,0.0,0.6176993940617732,0.658929050146076,0.28577323926073767,0.7213149267459117
0.03456088543774038,-0.02683578239199752,0.006909895645756526,0.011893924657820751,-0.006038149317826983,0.017582605855861917,0.032561317475113545,97,0.7795676254737445,0.010796583727493111,0.6185768757658041,0.6656743673689842,0.29028611553905564,0.7225507639351099
0.04062484763296875,-0.023216584186673713,0.005920277308538731,0.012042587122282608,-0.0066949275049896055,0.016824389176491216,0.034767950918007634,98,0.8245059597178701,0.0790793056162804,0.6024894436343656,0.6672798425173263,0.26620870991301054,0.7105550365675247
0.046469223086669606,-0.02038266830219304,0.007194781034997678,0.01264798566875555,-0.006328311780891832,0.017873853587110616,0.03815027690961159,99,0.8678169978033708,0.13254625581302915,0.6232080292037449,0.673817823202115,0.2796487961864645,0.7271585871016838
0.04676939211866594,-0.019584745622060678,0.007851154733412337,0.012633561906155777,-0.005899997160845784,0.017767482974697706,0.038090166848321345,100,0.8700414668642434,0.14760051075161967,0.633878170336935,0.6736620542762913,0.29535075621495827,0.7254757002684802
0.05013506553447475,-0.021738425838208043,0.009857337757103552,0.016802016877737944,-0.0014541104584728495,0.009995563134313054,0.039020054964490375,101,0.8949835347806957,0.10696743710004371,0.6664910798022265,0.7186791397126427,0.45833640280429616,0.6025163483252363
0.04570542279309769,-0.019217003336030696,0.009488341310425344,0.03232275086474226,0.004900399445593224,-0.010371201465697403,0.03398744568439533,102,0.8621566866432345,0.15453863428594142,0.6604926003183413,0.8862947701299383,0.6912919355936884,0.28029426834635385
0.049509670591599386,-0.02293449350186916,0.01066932612870541,0.01843554621576707,0.0004730691479913125,0.008238878300481825,0.03897976746438536,103,0.8903489071110783,0.08440145673516433,0.6796909239526359,0.7363203833566714,0.528986564466243,0.5747238809333283
0.04976371547923097,-0.02358738122619859,0.010700025084625026,0.01805170690013811,0.0012441531171891616,0.0077386341473915,0.040385968135609095,104,0.8922315629895043,0.07208354863070866,0.6801899722738819,0.7321751239300256,0.5572544056659089,0.5668095305359188
0.04765553397300435,-0.02251239767089551,0.009554591276845905,0.01891845422287832,0.0009161378150252883,0.007150110278554904,0.03715504752320061,105,0.8766084172435357,0.09236505822965937,0.661569572923252,0.7415355316939398,0.5452294059991739,0.557498508934891
0.04545461699753397,-0.01796339570352175,0.004612727601115061,0.01900753538382455,0.0006350251194383295,0.007232951904684211,0.03243786303675284,106,0.8602980347736244,0.17819021026272902,0.5812336560387171,0.7424975606136295,0.534923849982585,0.5588091442569197
0.044762261068028025,-0.017408036251333255,0.0036889049674058705,0.018284062209411645,0.0007889146703621447,0.006819681127469811,0.032280424362257844,107,0.8551671778892389,0.18866807106800745,0.5662158119241205,0.7346844370641401,0.5405654215384399,0.552270797492287
0.04449771546525774,-0.018772115357213664,0.0030839716061299427,0.019571201623051537,0.0023413215911115073,0.00705295040986396,0.03290685498252743,108,0.8532067041367047,0.16293225088437532,0.5563818951224884,0.7485848546882579,0.5974764637413489,0.5559613450507433
0.044655377613308976,-0.01643245068798264,0.0011860348258936487,0.019327451000914705,0.0010699283952671362,0.00819797908829759,0.03157537810376415,109,0.8543750943869521,0.20707425772089508,0.5255286580779405,0.7459524782666092,0.5508673493022924,0.5740768155069672
0.046029628258304936,-0.012112015384048117,-0.0033706468181003615,0.019444307532237,0.0008383580060992599,0.007431702127027343,0.03148304610078949,110,0.8645592830134294,0.2885870861321992,0.4514543367608815,0.747214466338975,0.5423780079996168,0.5619535666184191
0.04522576724271482,-0.017020925248100723,0.0025144937943082464,0.01964947235175415,0.0008438082712542938,0.008091903732315725,0.0316923187173727,111,0.8586020930044225,0.19597162049366026,0.5471243507707961,0.7494301367184567,0.5425778140337881,0.5723985999184706
0.04684341722275346,-0.0133283602907357,0.0001158835746105146,0.020384574828583614,0.001778708318726242,0.008174143511304395,0.031515542451587844,112,0.8705900462852297,0.2656385388926428,0.5081320669094782,0.7573688505175757,0.5768511320318132,0.5736997134317441
0.04668039608904523,-0.016502499345710433,0.0031257440434685553,0.019731057611638948,0.0014620216846610208,0.007547640047062464,0.0326885916565255,113,0.8693819420854375,0.20575266306291978,0.5570609561557943,0.7503112139136332,0.5652414399108304,0.5637878175893428
0.04668713761399949,-0.012890977525246643,0.0008041182203065315,0.019340368368151156,0.0006776492400439489,0.006794016097959189,0.031110003167247414,114,0.8694319016485014,0.27389055606343654,0.5193201459261493,0.7460919789277558,0.5364864448758604,0.5518647516939462
0.05665685890975068,-0.019632107468272497,0.00840938130876253,0.019225629944955767,0.0013321162537556018,0.00461452100315159,0.043069670800010174,115,0.9433147283359412,0.1467069438371954,0.6429528123551489,0.7448528652909212,0.5604791231742645,0.5173830136002916
0.05897286240643719,-0.019789795950405583,0.007519927943631154,0.01858070492673983,0.00040799293178547493,0.005502839487723838,0.045205593762643874,116,0.9604779849483521,0.14373186533646012,0.6284936818929359,0.7378880198402703,0.5266008785759042,0.5314370784163798
0.058754013019201544,-0.02089328614931405,0.007004685173384791,0.01830442244152945,-0.00036300021687504905,0.004256410350043605,0.04544463700893224,117,0.9588561531169372,0.12291252633252511,0.620117793142879,0.7349043166874057,0.49833636684569854,0.5117173537975072
0.057142498880234545,-0.02282133595214874,0.007365751769665149,0.018871070384127553,0.001107117719760409,0.005067659131930135,0.045194627601441134,118,0.9469136708446996,0.08653637863190108,0.6259873634046024,0.7410238115645663,0.5522307052545531,0.5245521007498866
0.058624725844346436,-0.022253375641793798,0.004383640839559237,0.017867002619174354,0.000733517630579415,0.0051590017813985655,0.04679947061031074,119,0.9578980418870076,0.09725197742358595,0.5775095761685912,0.7301804164296949,0.5385345730367666,0.525997230552314
0.05985269724817192,-0.020904030454709892,0.0034486031787410902,0.018018211303496977,0.0011212643813482825,0.003790219032753567,0.04727953604110566,120,0.9669981958145435,0.12270981557295599,0.5623094183471014,0.7318133893914458,0.5527493200867192,0.5043417524746925
0.056996700236057886,-0.018899374807766125,-0.0026019747193857207,0.017441977010190523,-0.00027730652306014885,0.004156352210356203,0.04423836049815249,121,0.945833197716172,0.16053127111570414,0.4639500229808515,0.7255903670510399,0.5014778868685987,0.5101343364394691
0.0606237196636919,-0.01953831863575463,0.006302664635838963,0.018878208900002632,-0.0008688394807933331,0.0025240219108825946,0.045885893929198944,122,0.9727120281081575,0.148476439842601,0.6087056079317646,0.7411009037201078,0.4797923631363839,0.48430927906591514
0.055742342082216144,-0.021377293406723053,0.003806983698672488,0.01905196566347662,-0.002002005841122182,0.001822518644493602,0.04153942213788948,123,0.9365374989363314,0.11378085377002264,0.5681353232185034,0.7429773838835684,0.43825062707889323,0.4732108132051311
0.06146027444190196,-0.017596127430965117,0.006403040280580201,0.02007035129815145,-0.0006517269481719199,0.004044849337339275,0.044786153106642676,124,0.97891150248257,0.18511939067530503,0.6103373343374857,0.7539754043577849,0.4877516812389039,0.5083702522379402
0.05392003678506038,-0.020280636902055324,8.393374980290433e-05,0.020810685469921993,-0.0008718398177114349,0.0037787811595757204,0.038556224479998,125,0.9230329021229038,0.13447126276879048,0.5076126842152885,0.7619706176656534,0.4796823711628319,0.5041607941654922
0.06228220063764293,-0.019499080853794322,0.0052392845353521665,0.020116970829072565,0.0004585551981592813,0.004773157035186209,0.04665223592110243,126,0.9850025685082247,0.149216731587106,0.5914190899347376,0.7544788703711605,0.5284544848933028,0.5198927903471474
0.055458908359237113,-0.016973629237093536,-0.005851279473368218,0.019507276858675596,0.00022500764397779472,0.004525827170288819,0.04118248730240739,127,0.9344370505876739,0.1968639453078421,0.4111286799052844,0.7478945014041206,0.5198926609702345,0.5159797906599957
0.05408405861387901,-0.015929127381534788,-0.006232990343940862,0.018307460440406164,-4.7559805972307086e-05,0.002423557433671992,0.04008896338082829,128,0.9242484221953383,0.21657036249453476,0.4049235122227274,0.7349371254513053,0.5099003725824954,0.482719833051953
0.05689563002990779,-0.017279525931892796,-0.004366104737968959,0.018502664272743115,0.0005146703222779688,0.0036164437740197138,0.04306244675711097,129,0.9450841945793008,0.1910926507412854,0.4352719752147004,0.7370452224939082,0.5305116582762961,0.5015924583959432
0.05333407712975922,-0.015557619321799894,-0.006136749150050474,0.01755956091527551,0.0006725126330825239,0.0031772815146111897,0.04037306479418563,130,0.9186905183817556,0.22357953416272505,0.4064880281747186,0.7268602103712238,0.5362981375115642,0.494644483130654
0.05834579524936419,-0.01525276282323381,-0.005305790364234082,0.01784771984975491,0.0005712560599209939,0.0019790578524775688,0.044085855988371205,131,0.9558309649652403,0.22933120354545092,0.41999625914427224,0.7299721728276116,0.532586084291822,0.475687416150442
0.060334005262191036,-0.013227592926526905,-0.005083672259088489,0.01902207956606562,0.0002565323150894777,0.0010524827417922069,0.04388791674764954,132,0.9705650354009425,0.26753969752374895,0.42360705515249836,0.7426546300072084,0.5210483514429385,0.4610280941969911
0.056499670775172796,-0.015862014973933556,0.0017595285851978594,0.0180024770528888,-0.0008347433251665741,0.0005367911703055417,0.0413442608409278,133,0.9421498508674718,0.21783655948169642,0.5348514864690835,0.7316434678956557,0.48104232390755514,0.4528693505744559
0.05610057776469735,-0.01630937835644473,0.003968019900961082,0.01872527759022798,-0.0019899669571979855,4.882950831325586e-05,0.040215900577836014,134,0.9391922837650001,0.20939623991414605,0.5707531596889812,0.7394493273243083,0.43869197104736457,0.44514932116551253
0.05612984809667646,-0.015595527232626643,0.005623742379838054,0.018943490454671284,-0.0024967775537138464,-0.0004172400215329574,0.039886036481500756,135,0.9394091980397871,0.22286433284311777,0.5976689129705093,0.7418059096141313,0.4201123584073534,0.4377756466388403
0.05709691458454778,-0.01712638007887927,0.005807843946069255,0.016642013400578606,-0.0020152989696876292,-0.00025068324318099837,0.043607907010038485,136,0.9465758583303889,0.19398202432529113,0.6006617045757684,0.7169511876895309,0.43776330265983454,0.44041073731765745
0.05203405567798514,-0.01202974771234074,0.0003877895532585904,0.017627267245741336,-0.0015322194818947,-0.000429646307779839,0.0359818480703411,137,0.9090564216239746,0.29013921459517467,0.5125522244723737,0.7275914025476874,0.4554729358427838,0.4375793670903802
0.05934098653665403,-0.012147698064958327,0.004354413300463134,0.017271065773807496,-0.0027565270811429022,-0.0017592672729118254,0.043536759360254466,138,0.9632060503079992,0.287913867800787,0.577034447491308,0.723744617059079,0.4105899734449333,0.4165434666230012
0.044710547514790075,-0.010355729630096707,-0.005160008178858578,0.016593079570807155,-0.003427702756000935,-0.0013337020517879732,0.029210104048550706,139,0.8547839431549942,0.32172259430025035,0.42236612328785167,0.7164227284856852,0.38598475773320917,0.42327632348123434
0.04576095478820426,-0.009476026458771238,-0.004278244365628147,0.01776961631069183,-0.0032331032274969763,-0.0016685612956198687,0.028797561805822026,140,0.8625682187862458,0.33831978616002223,0.4367002508679684,0.7291286963561482,0.39311875194009477,0.4179785236506411
0.053574810139014335,-0.009789388865775695,-0.00014965284798947487,0.017008878710048372,-0.003606645927755288,-0.0025997916464929483,0.037165801910323606,141,0.9204745236385848,0.33240763742597085,0.5038154541140728,0.7209131369231497,0.3794247235929861,0.4032455512570958
0.05012924570238533,-0.010044724123418053,0.0004342626242078838,0.01648291029175957,-0.0043654594772223245,-0.001413841147656235,0.03417229025156839,142,0.8949404056266445,0.3275902758456218,0.513307699938742,0.7152329591632007,0.35160671443530217,0.4220084448237531
0.05310104683944597,-0.01355175230709091,0.004354192752527619,0.015548335938675557,-0.0037979670539675537,-0.002053281782257477,0.039324269257988854,143,0.9169635958288178,0.2614238443499344,0.577030862220289,0.705140055728661,0.3724109152012286,0.41189187032845387
0.04683911160037057,-0.00829265182256305,-0.004315079162619406,0.01692127579664996,-0.0042836785692701215,-0.0018517019644773943,0.03028559051668517,144,0.8705581385174137,0.3606462895981557,0.43610145709628245,0.7199670722867761,0.3546047922212563,0.4150810596495122
0.05277345086120021,-0.009824689702499044,0.0002237117645160256,0.01571061929577794,-0.003966522069532081,-0.002256983057927314,0.0376048595059854,145,0.9145358733111835,0.3317416232759648,0.5098849433687379,0.7068926292364427,0.36623170955862927,0.40866911747449036
0.06345934726349299,0.004636908353567265,-0.0070909744812584375,0.01674190695288863,-0.002928172654018931,-0.00150274003639035,0.04765477986558151,146,0.9937260741673496,0.6045858340951548,0.390975951774573,0.718029984656162,0.40429746836052227,0.42060197769957847
0.06295157349721206,0.006701671542339484,-0.009492400801834276,0.016945567887899922,-0.003705928136705629,-0.0013452635518322177,0.047866966987408874,147,0.9899631042650164,0.643541327159267,0.3519378888183779,0.7202294138868851,0.3757850503165726,0.4230934092744324
0.06268629712367035,-0.001625876159647883,-0.006269074619599323,0.01593161302432658,-0.003712649574064405,-0.0018714381907476375,0.04700738574599643,148,0.9879972149739079,0.48642707381056477,0.40433691907480773,0.7092792433720863,0.37553864326950476,0.4147688133008836
0.06214968753776088,-0.0035807867259721763,-0.00447800154352069,0.015019338040164271,-0.0032304305231937473,-0.0026646017076097464,0.047166524275160576,149,0.9840205508467507,0.4495441492110179,0.43345295853186583,0.6994271612017247,0.39321673294324794,0.402220192880017
0.06383495027295595,0.0022197556484851045,-0.007402965870126447,0.016502215368789402,-0.004045904397382633,-0.002355876840563505,0.048011658969367266,150,0.9965095634172709,0.558981875273262,0.3859041578260918,0.7154414436755516,0.36332156341712196,0.4071045213806171
0.06005449531740804,-0.004175067951138746,-0.005144582990413446,0.017170313775813042,-0.002080044124838123,-0.002161831644000306,0.043038807568516274,151,0.9684936650792245,0.43833195874239833,0.42261687821315286,0.7226565493379401,0.43538975342609043,0.4101745056453968
0.061393214702464435,0.0006169449235703749,-0.005972139742030511,0.019565731119181386,-0.0018398552276745674,-0.0034832670389155864,0.041973428942907204,152,0.9784145414382647,0.5287419511904289,0.4091639513868554,0.7485257761707301,0.4441950481464637,0.3892681088823538
0.0643059484939298,-0.0011745758318997513,-0.005329751086959674,0.019407439580580717,-0.001973097386215814,-0.0033473433405764464,0.0449493457103406,153,1.0,0.49494167097261416,0.41960674887938376,0.7468163121689316,0.4393104073949994,0.3914185543584721
0.06347103959583553,0.0015293418575157887,-0.005546862424793049,0.019623866945042576,-0.002494145381665089,-0.004060654409941027,0.04405646165201771,154,0.9938127227845386,0.5459559700306054,0.4160773438744404,0.749153612013398,0.4202088535031623,0.38013327753828946
0.05978827091691965,-0.003571240621300626,-0.005280164010831315,0.02201653820515721,-0.0009790616881497163,-0.0048702677935970025,0.037862794384186695,155,0.9665207502245603,0.4497242537461743,0.42041284623208053,0.7749931826149727,0.4757516308961998,0.36732440418094553
0.06264546612975798,-0.0005639806430255245,-0.006759634125749265,0.02611004038733968,0.0012964069472936011,-0.006701786036433266,0.036582806379054804,156,0.9876946278546482,0.5064616538813148,0.39636228636558957,0.8192008179919852,0.5591700244966352,0.3383479992724474
0.062134005592017684,0.0015440099411076608,-0.007757445654183435,0.027065245114954315,0.002067366581261091,-0.006731600436061946,0.03508766481232368,157,0.9839043363162642,0.5462327099646249,0.3801416640913696,0.8295165184434438,0.5874333075824151,0.3378763063918968
0.06379318441913781,0.007549391971255027,-0.006859481442973336,0.026200436519989535,0.0012998850943983567,-0.006840840183413817,0.038108678516964534,158,0.9962000483117268,0.6595351067212528,0.3947391485568619,0.8201770479031529,0.5592975329314541,0.33614802704564906
0.06305734433697284,0.008303586908471227,-0.011023470904262188,0.032690985179482435,0.005263267803739154,-0.009877471042443261,0.030539689330829633,159,0.9907469424878522,0.6737643586788028,0.327048509312203,0.8902715038886726,0.7045946439032948,0.28810556518481795
0.06406346426823148,0.0033766250313086964,-0.008666838856917542,0.03160411789226689,0.004441835336191983,-0.008917322659098458,0.032477785981861976,160,0.9982030169660466,0.5808083091537819,0.3653583876709807,0.878533918174034,0.6744810330950858,0.30329604905625057
0.059618797933157545,0.0013625549501026424,-0.01027081321907413,0.03247281238115778,0.00501089117276905,-0.008459221014591302,0.027449895356783105,161,0.9652648331616795,0.5428092332763623,0.33928386204698524,0.8879153542915137,0.6953425483965097,0.3105436638656625
0.05936109260814845,0.002038076817784339,-0.011875468975598654,0.03158440683417769,0.005222542988871033,-0.010239902508460347,0.02800643095878396,162,0.9633550508017462,0.5555541754441751,0.31319825954088615,0.8783210492832599,0.7031016773191556,0.28237154590765884
0.049079937876888496,-0.007341872964317541,-0.007538216068641045,0.03224450810868531,0.004848099784373404,-0.010826881765369266,0.021043822208875622,163,0.8871642776975722,0.3785844528796852,0.383705503751548,0.88544979018936,0.6893746366000442,0.2730849615738097
0.05195276236730631,-0.004294414010094518,-0.005571070029536009,0.03347668071386463,0.00476111272272172,-0.010256483358967417,0.021102636227282298,164,0.90845397954906,0.43608027942287053,0.41568382024647094,0.8987565956647315,0.6861857018751356,0.2821092206810883
0.04705548558391207,-0.006585716138003326,-0.006118089807177825,0.032838828615414664,0.004151110264926779,-0.010430434268908164,0.018330005218853574,165,0.8721616258217658,0.3928507194244604,0.4067913581563809,0.8918681339667084,0.6638230885967251,0.27935714762893066
0.05296267440635173,-0.006430002712009179,-0.005400441637932621,0.03361335117811835,0.0044128910792527965,-0.01006776976693637,0.022666023185001574,166,0.9159381562814779,0.395788534917922,0.41845758925052273,0.9002325636211757,0.6734199402809654,0.28509485376217664
0.05161105132118758,-0.004304578965689603,-0.00650286530652606,0.03216206367923951,0.003722743107964358,-0.008943315593236547,0.021181520662424742,167,0.9059216541962607,0.435888499145435,0.40053637126011166,0.8845594344221956,0.6481192025714937,0.30288481548689294
0.06244568261778358,0.008140104928330576,-0.012509843840385736,0.03184745779366486,0.003559143889010417,-0.007199095513633527,0.031391728436344274,168,0.9862140879125232,0.6706799753567312,0.3028857358139672,0.8811618590312548,0.6421216758085001,0.3304800783098515
0.05959686164297436,0.009272022768598873,-0.016441653931381205,0.03130832648993235,0.0030559260405590254,-0.006939328753733601,0.03048237627579249,169,0.9651022694271788,0.6920356532453595,0.23896945050096235,0.875339529144763,0.623673772860058,0.3345898418058309
0.06088989139601658,0.00865419887425612,-0.014943364823219375,0.031917296255351786,0.0035384818426845667,-0.006841182976219488,0.030516015149652798,170,0.9746845526537354,0.680379287730037,0.2633259356572414,0.8819160770851708,0.6413642077923943,0.33614260372913246
0.05474362202795806,0.006208249850668193,-0.008427870231146547,0.03212984208591498,0.003125962745829076,-0.00678697279851297,0.02288178492706001,171,0.9291362628847811,0.6342320342620931,0.3692431090873624,0.8842114584384141,0.6262413096547615,0.3370002616124376
0.04805209891162195,-0.00015502551889629829,-0.008734767621056202,0.03219593831968762,0.003510378315992968,-0.0067024965556548135,0.016400705462671417,172,0.8795472495098586,0.5141773321674152,0.3642541241971192,0.8849252624312719,0.640333936043268,0.3383367581653826
0.04761072653273223,-0.007108105319712426,-0.005229062724996436,0.032653492092658776,0.004100875668569206,-0.007233441348924688,0.018798341697049747,173,0.8762763617882501,0.3829949024206049,0.4212435588783408,0.8898665985929888,0.6619814946208544,0.3299366936975442
0.05623902920003715,0.007320285459137813,-0.017311537781935903,0.033890313029263985,0.004157698182205484,-0.00806647621976144,0.02439135576499158,174,0.9402183087759698,0.6552125978774991,0.2248284459523036,0.9032236035629841,0.6640646008144732,0.3167572695696776
0.0543686247023777,0.007065608553541771,-0.01916843454148511,0.03547921118041318,0.005909642000558817,-0.010218432580062737,0.020934391249445388,175,0.9263572621893543,0.6504076572995747,0.19464236363058804,0.9203828542464084,0.7282906405536567,0.28271122111484775
0.047244011275894504,-0.00467151806222308,-0.007542353811252127,0.035065894997769666,0.0053735788440330045,-0.010576373769675993,0.016075315394968745,176,0.873558737196665,0.4289655292340713,0.3836382397863104,0.9159192604129293,0.7086386327477789,0.2770482423898302
0.05874488825983964,0.014233574462274733,-0.011350135314362417,0.034286642456488776,0.004122531807505001,-0.010667006348733124,0.026474622500186566,177,0.9587885320677122,0.7856443022377678,0.32173818781794067,0.9075037495182485,0.6627754059468437,0.27561434659385176
0.06041968319749832,0.014658764547866058,-0.014139401763062082,0.03316177876006802,0.0029740931289221994,-0.009135490454436136,0.030075970954789814,178,0.971199970707303,0.7936662824436583,0.2763953187517641,0.8953558228952573,0.6206737886255749,0.29984442175173126
0.05938921740756698,0.011860873687359682,-0.016817052851709816,0.03150464150112897,0.00188182376189517,-0.007848795725991363,0.030944476837875545,179,0.9635634758539032,0.7408790094995826,0.2328668911345097,0.8774596263250672,0.5806313311919187,0.320201187288125
0.05923105491196055,0.015835911173716116,-0.015170262564221207,0.03183287354928841,0.0014991460922721086,-0.008661217096243637,0.03160017164330894,180,0.9623913776673347,0.8158752831988553,0.259637440939767,0.8810043569880289,0.5666024160183659,0.3073478888441568
0.05764151656429951,0.01597699601724117,-0.01357461141781014,0.034684054909481586,0.0037560918100278612,-0.00983049131473828,0.026275729877979527,181,0.9506117518614128,0.8185371040184427,0.2855766627164249,0.9117955915728736,0.649341761789171,0.28884883029713393
0.05942634846297908,0.016568709669427115,-0.013347659362764488,0.037095420739749495,0.00659287740062817,-0.010804853054354142,0.02458970163213465,182,0.963838643759841,0.8297008525776064,0.2892660403737771,0.9378370535388804,0.7533379642728133,0.27343347726699657
0.05996186518449168,0.013963755459613472,-0.016736826071346012,0.03704724261581444,0.006948333190838635,-0.010275729652444504,0.024820190249240558,183,0.9678072089734545,0.780553678604078,0.23417107360131303,0.9373167555541034,0.7663689287754524,0.28180472554708613
0.05384023135000622,0.00758640452329879,-0.018887772480621057,0.036798355490309465,0.006807744153627297,-0.010185843002374555,0.019150859548150507,184,0.922441486279681,0.6602334154775626,0.1992048618040898,0.9346289076418077,0.7612149523772161,0.28322682001897187
0.051398574781760256,0.006393101938232191,-0.0204319108711683,0.036443054617315264,0.0054447502701925835,-0.012263572316249008,0.01706718222270962,185,0.9043470497643047,0.6377196033228665,0.17410304161216048,0.9307918481403303,0.7112477682673847,0.2503551158333508
0.05458502502000106,0.012484491079709996,-0.010630024908463999,0.03825062412678227,0.007704704422588377,-0.011190198194208936,0.017028587937290837,186,0.9279609446482497,0.7526446798362415,0.3334444455198772,0.9503126326023332,0.7940974028732084,0.26733694132168
0.057495889091654886,0.019269124925956265,-0.013385303932772713,0.03754341842221889,0.00827408420088824,-0.01203176900475351,0.022821570129199616,187,0.9495325472374163,0.8806490719026988,0.28865408277118554,0.9426751890314072,0.8149707938373922,0.2540224703024074
0.05613137547342391,0.01842177317418666,-0.01533327876028909,0.03896073813307434,0.007300371888043415,-0.012424249291417019,0.02066346548118204,188,0.9394205170032939,0.8646622481020709,0.2569874172973795,0.9579814842772901,0.7792746230788552,0.24781304937556278
0.049956006944918314,0.011530367793069212,-0.02298768947488253,0.038963233901771484,0.00912432069735794,-0.011891973792283593,0.01580332333131194,189,0.8936565814640834,0.7346434178623952,0.13255579730196718,0.9580084372451007,0.8461403567182916,0.25623416690801964
0.051374426428701464,0.009782482611228766,-0.02116229650662956,0.03725932370012744,0.008526448979123242,-0.01298177714820845,0.01636259889188391,190,0.9041680930481736,0.7016664016852816,0.16222974773879267,0.9396071178962756,0.8242224548244015,0.23899241491595832
0.05185090213870064,0.009213495271681573,-0.019031352478401643,0.0392587218800291,0.009307930373464607,-0.011063835290304995,0.014901451331932119,191,0.9076991217758921,0.6909314261298143,0.1968707968591929,0.9611995494565367,0.8528714643203661,0.26933612570504933
0.05815536033644745,0.014906489255853026,-0.01959769406566271,0.03886178586229183,0.010297404036172549,-0.010847311440683377,0.021680749033084777,192,0.9544197048859578,0.7983400572359791,0.18766423559650647,0.956912852647992,0.889145444179884,0.272761744184976
0.05528647279126659,0.018236117897126158,-0.01916899249484436,0.03846976391927928,0.008624431937869242,-0.013970164158243781,0.02005527412771998,193,0.9331591786386811,0.8611595254183393,0.19463329343002497,0.9526792252196449,0.8278144977519528,0.22335516842873135
0.05359399451764392,0.011332717341724873,-0.018151028810272522,0.03968751097147106,0.008343250955075035,-0.011424092368633166,0.01573463910570374,194,0.9206166937233193,0.7309143845144879,0.21118151315467043,0.9658302424339619,0.8175064383349463,0.26363650736184135
0.055570459529964526,0.017026896359579692,-0.019877162040502758,0.039156486306772514,0.00872119343940428,-0.011581846332457239,0.020179580785190297,195,0.9352637252327463,0.8383453734250169,0.18312114872243987,0.9600954599156153,0.831361762211982,0.2611406857943706
0.043711728707725044,0.0038300715867278113,-0.01437272666591605,0.03862331604421887,0.008936054844273105,-0.014666296925089476,0.007214512593206418,196,0.8473819752739071,0.5893633987837354,0.27260234281541423,0.9543375060873677,0.8392385542546015,0.21234166910864988
0.054499505089184885,0.01703150482390389,-0.022474907295409265,0.041134572852415265,0.00938069327626598,-0.011554617224825366,0.01887879938599398,197,0.9273271802691486,0.838432320441989,0.14089168619998352,0.9814577372180611,0.8555389431732278,0.2615714768340582
0.05531713882958389,0.02069235037967751,-0.017840212579807183,0.040559172027648076,0.010537548551207976,-0.011178090228611076,0.019112861076375626,198,0.9333864361042588,0.9075007949441551,0.2162342034948861,0.9752437158923467,0.8979491118570295,0.26752850114651605
0.051047449301379236,0.020490736649014362,-0.01954132596345732,0.038333199898054365,0.009492325140533,-0.014921233990968223,0.017434518732505934,199,0.9017449566623049,0.9036969871616519,0.1885805666551615,0.9512044067910125,0.8596313532582222,0.2083083160825575
0.052918380480675736,0.014395331560054042,-0.023078770011669875,0.040037391394860504,0.008786899629754244,-0.011539850189129792,0.0181802381507148,200,0.9156099063397849,0.788696142533487,0.131075174016246,0.9696087639772212,0.8337705428751048,0.26180510574127047
0.05672890895769927,0.01275433641645311,-0.02171731361575397,0.03939429438601404,0.01067253708248237,-0.011943594542172233,0.02000870648855389,201,0.9438486711661863,0.7577358003100282,0.15320727944063192,0.9626636600505941,0.902897774412951,0.2554174762983006
0.05584669088155688,0.014840259039993855,-0.022036242389310012,0.04040193150443352,0.00802559983851086,-0.013755768345339144,0.018802830176398236,202,0.9373107988138335,0.7970905043920664,0.14802270998957445,0.9735456022948956,0.8058613884070198,0.2267471192922897
0.03594936307045718,0.017220912707628377,-0.024460989185246404,0.04070492173974096,0.011890602659545137,-0.012932383779726091,0.013562311235991064,203,0.7898572463421955,0.8420058428395405,0.1086055447567475,0.976817734872122,0.9475519050636105,0.23977386617943203
0.0414213087715583,0.023822287678262728,-0.024384606357893017,0.03879186236482634,0.011817114130992049,-0.012631093427813867,0.017005388748967225,204,0.8304083113002328,0.9665527246710919,0.10984723916037954,0.9561577162531235,0.9448578248620769,0.24454057339961938
0.03788894720114328,0.017551787279064784,-0.023161223667830338,0.04091687951973829,0.008993987539085334,-0.013896081263285417,0.012971012847579826,205,0.8042309639138452,0.8482483902380857,0.12973479101445196,0.9791067655935976,0.841362359550313,0.22452723208111572
0.038235549802966125,0.01746073719105958,-0.02350499947055432,0.04066459997781978,0.012494150869818518,-0.013318179334806435,0.011590451626937318,206,0.8067995392230473,0.8465305656027664,0.12414630332504524,0.9763822813974595,0.9696779064407353,0.2336702042259506
0.03874125634382163,0.0227416159612795,-0.023982249567147968,0.03928078383850557,0.011078568925539356,-0.015080265772650961,0.0146820663243596,207,0.8105471894937379,0.9461638976111929,0.1163880310195241,0.9614378068148145,0.9177828506433422,0.205792278190288
0.03870704837149517,0.022411873755362754,-0.024768676597611637,0.041443670986632125,0.009065693538215217,-0.013414446861725101,0.01773494185560103,208,0.8102936837420974,0.9399427143368179,0.1036037171046451,0.9847958318385184,0.8439910924476856,0.2321471580589546
0.03744234092348537,0.019155230021943973,-0.02543147169729803,0.04192245957719617,0.010203971508933655,-0.011565396385304917,0.01710159456530098,209,0.800921289226772,0.8785002384832465,0.09282918839771785,0.9899664926791202,0.885720219498297,0.2614009400021971
0.04037605639466675,0.024466419320376184,-0.02561967150501753,0.039501623240681835,0.010445176343769482,-0.015195527890689618,0.01749350330957079,210,0.8226622371708161,0.9787054334433006,0.08976977496531403,0.963822754308132,0.8945627583657876,0.20396871906606814
0.033466296158498075,0.01807634902252672,-0.021907590524179597,0.041265170872846556,0.010749796981018056,-0.010913990975646548,0.015341448518981018,211,0.7714559293076085,0.8581451965499424,0.15011410024683988,0.9828681260272611,0.9057301125630763,0.27170680890832205
0.036277637151310646,0.019409630419680565,-0.02802278896741234,0.038854331219530434,0.011320309232417239,-0.012610990398941636,0.017595454092094984,212,0.7922899940893177,0.8832999622401526,0.05070422047201391,0.9568323464910646,0.9266450198484565,0.24485862292315944
0.030671065040258808,0.017500119810470074,-0.02675215635098572,0.04171864837281265,0.009118374000826789,-0.014968720891892759,0.018197585321294788,213,0.750741250317713,0.8472735899678047,0.07135987650828289,0.9877654406195041,0.8459223515723928,0.2075570269952546
0.03868010860576001,0.025060608376256267,-0.024230221157152305,0.040887887170935215,0.011323511029448985,-0.01200644843507787,0.018520333400601562,214,0.8100940406443854,0.9899158849715808,0.11235695562945512,0.978793663724448,0.9267623973244027,0.2544230664102021
0.04044434725243089,0.02377695355635356,-0.02193441260948648,0.03905565888408707,0.010171558360617559,-0.015605357272553175,0.015069577806776592,215,0.8231683216900167,0.9656974144441354,0.1496780751038426,0.9590065776481321,0.884531957563175,0.1974848185323296
0.03974166177931828,0.023994209731637125,-0.025303356389085357,0.041731604185123554,0.011138286781148301,-0.012165173428465126,0.018489090761691314,216,0.8179609154360541,0.9697963452442466,0.09491185627922061,0.9879053564669039,0.9199720997090365,0.2519118822079823
0.02732292353944333,0.014613904439430234,-0.024013678470898935,0.03998539198876423,0.012419103570260574,-0.014636810293452082,0.015908517055419423,217,0.7259291065384083,0.7928199153384475,0.1158771165214352,0.969047198187778,0.966926681890477,0.21280817637990138
0.0257576191306071,0.01532571467190475,-0.02870317111907595,0.042052417604164276,0.0113387609879487,-0.013843823387984266,0.02241018679005937,218,0.7143290717008829,0.806249503159903,0.039643793157072796,0.9913699699010278,0.9273214588824064,0.22535400263625854
0.024510009085240075,0.011775366923584442,-0.026889480769916235,0.041343323552346684,0.013187377387064584,-0.013752632447961696,0.021399323197977965,219,0.7050833812727418,0.7392657697046783,0.06912750349492017,0.9837121331891764,0.9950915032572983,0.22679673224728802
0.026695132195119386,0.014668929503461143,-0.023504057204188033,0.04008428719019783,0.011999708321500284,-0.015623140897233663,0.01576397967004785,220,0.7212767198053581,0.7938580627210938,0.12416162099413774,0.9701152134986142,0.9515517048900042,0.19720346424525212
0.03443152584416018,0.01945466169964843,-0.028468111047109914,0.04230393631683692,0.010939352385442483,-0.014539698220111164,0.018124183381499327,221,0.7786089775688209,0.8841495588059939,0.043464976346943685,0.9940862375480136,0.9126791898164685,0.21434458409499602
0.027866695995616704,0.017950564280557996,-0.02868205200837026,0.04167496132527572,0.012943023234560634,-0.013688866226893819,0.020989027576795424,222,0.7299588527013208,0.855772039826702,0.039987109612898905,0.9872936438591121,0.9861335108007229,0.22780557605672028
0.024694235738360073,0.012168837607584367,-0.028528063464737453,0.04028791181340119,0.011790325722357338,-0.016071878894769413,0.01996152646521998,223,0.7064486336684606,0.7466893060137526,0.04249037794529097,0.972314250581222,0.9438757651752887,0.1901039914634312
0.027429899163448866,0.014648836599007646,-0.025199838759203088,0.04284136748705053,0.011203264882379627,-0.014221445419446482,0.019233055936751616,224,0.7267218730815965,0.7934789737270956,0.09659465941908588,0.9998902069013111,0.9223541887167664,0.21937965379817437
0.023635888739267346,0.013590272343739634,-0.030258549224933883,0.04151367393616351,0.013019503360821352,-0.013677381610167318,0.02439008200574989,225,0.6986055189424286,0.7735072439286139,0.01435925792194227,0.9855518262732272,0.9889372625974532,0.22798727389445006
0.023226038256355132,0.015433881913114112,-0.02411754914206604,0.040411609755810894,0.011924747617325359,-0.017327962975349002,0.018808412255798265,226,0.6955682312090523,0.8082902738582615,0.11418857427236406,0.9736501222362408,0.9488036549155814,0.1702315162312822
0.023484612606065353,0.016215516963620672,-0.031141858931063065,0.04285153401790517,0.01138188183671059,-0.014307929019089982,0.026111738161097218,227,0.6974844536689117,0.823037233196868,0.0,1.0,0.9289022637673322,0.21801139890308047
0.02177725557619599,0.012191261078281815,-0.023362624257018492,0.041420290169285445,0.013321270284099884,-0.014078171091189806,0.02175607500030759,228,0.6848317064366316,0.7471123653563337,0.12646078305810682,0.9845433315094414,1.0,0.2216463934087662
0.03587260580537745,0.025340381661857796,-0.024040239684207466,0.040137846713980865,0.012155937609951591,-0.017077532441709578,0.015508099081157611,229,0.7892884196373502,0.9951943141619302,0.11544533216542684,0.9706936277251103,0.957279050928948,0.1741935715220609
0.03345532801340649,0.025595098068576617,-0.022713773053673024,-0.0004327738040042287,0.004071562029932165,-0.012365241348496096,0.04145790825460294,230,0.7713746474403581,1.0,0.13700863701821894,0.5325526132449389,0.6609068603202111,0.24874661258389116
0.029359647514563044,0.02294513891287696,-0.022920051208584306,8.663762556903497e-05,0.0033661386212674887,-0.011870840037175649,0.03690977415116986,231,0.7410227004313543,0.9500037263007273,0.13365533838527008,0.5381619790318126,0.635046127000331,0.2565685235258912
0.02304050148266297,0.01748488554411837,-0.02671017612128249,-0.0007437237646847143,0.004145050317617643,-0.011837086277564478,0.031062024660122665,232,0.6941932698748084,0.8469861679717,0.07204231545551538,0.5291945198885722,0.6636009316915683,0.25710254092348084
0.02009160441329359,0.015715064072094748,-0.027014524454362823,-0.0006301806877286153,0.0032886544715488033,-0.011062974648114884,0.028952719640038913,233,0.672339815336599,0.8135952839937993,0.0670947685390836,0.5304207244249975,0.6322055678300795,0.26934974190389394
0.022078366051618545,0.012522161983800073,-0.024571039313308226,-0.0007646611665307976,0.0031971620988570566,-0.011250818476540563,0.02803904061275204,234,0.6870631522724242,0.7533554095949758,0.10681654802975878,0.5289684071407685,0.6288514689698458,0.26637786933133584
0.02662876372533049,0.021604312801272355,-0.0239377342705964,-0.0010197843854886101,0.003915667677597067,-0.011646614072092899,0.03504856651393407,235,0.7207848815678125,0.9247066159227313,0.11711168051666004,0.5262132127526997,0.6551917929971053,0.26011599698440013
0.020798746929759738,0.011530947142869967,-0.021253215747165558,-6.6541925803631005e-06,0.003555955798836948,-0.0116087108888935,0.024279243743578705,236,0.6775802514970014,0.7346543483445288,0.160751746516951,0.537154477265145,0.6420048008242523,0.26071566231014975
0.019684663846426084,0.012688237871003202,-0.02583307302906993,-0.0015386212896610657,0.004454819629596868,-0.014000541553337423,0.02565591177545208,237,0.6693240921802482,0.7564887316666005,0.08630067742960125,0.5206100515330409,0.6749570356560533,0.22287456841082723
0.022458992287194886,0.017143622177391134,-0.02365854527243598,-0.0013874240330623872,0.0042526995937365725,-0.014021142983274835,0.028769897102004657,238,0.6898838672514642,0.8405476171548949,0.12165023229044511,0.5222429010814819,0.667547340596625,0.2225486336963381
0.023130695713007965,0.016682156894047916,-0.028117181014992644,-0.0007049625511553847,0.00225371476336547,-0.014786986944154465,0.03088709473502874,239,0.6948616741853307,0.83184123971541,0.04916976460949948,0.5296131202747975,0.5942648084694754,0.2104322352962813
0.020496662093308637,0.017163241068371287,-0.03003583222516116,-0.0013852261786713683,0.003352761136818678,-0.015350569913978677,0.029752366619068646,240,0.6753415849431097,0.8409177630271474,0.01797978968010909,0.5222666367340371,0.6345557101052122,0.201515803042857
0.018745083556488372,0.017021748046577516,-0.02181108269771045,-0.0005642271238098061,0.003029033732481875,-0.015515864083034098,0.024663238032155105,241,0.6623611244441304,0.8382482411860567,0.15168295063095855,0.5311329876596987,0.6226879042327952,0.19890068807455263
0.020653316962729013,0.019662266433933033,-0.028951412221949246,-0.002203264427227774,0.002231161081531216,-0.012690388687505307,0.033025560298501976,242,0.6765025105320789,0.8880663977105608,0.03560833651230707,0.5134322609337655,0.593437993333866,0.24360246455975712
0.017491205999640436,0.015787851474335205,-0.027994706960876824,-0.0015519201478283653,0.0031421963930121214,-0.012282673809698308,0.027738443208802022,243,0.6530689872347034,0.814968550021861,0.05116072714460128,0.5204664309737678,0.6268364331160093,0.25005291157701387
0.0157864692109154,0.01761895235482972,-0.023142704224767528,0.00034326198688669604,0.0018540833450512793,-0.014304314854980387,0.023772691705226216,244,0.6404356578794734,0.8495155809054414,0.1300358467570351,0.5409333849549289,0.5796143710040789,0.21806857850424197
0.018849221683174294,0.015096700329074019,-0.024260852631987174,-0.00037101659803865923,0.0030566307114016675,-0.01490490348217523,0.024533948326326677,245,0.6631328630852867,0.8019287332564887,0.1118590042941179,0.5332195580569172,0.6236996060044021,0.2085666806590494
0.026071896646955934,0.02537200889416271,-0.022010676933471533,-0.001570185680850844,0.002351399785759073,-0.016830747450496848,0.036343704112098356,246,0.7166580948082847,0.995791019118407,0.14843830711448938,0.5202691729810057,0.5978459290878702,0.1780979507760979
0.02490941810469775,0.023566241400410352,-0.02238579852300063,-0.0011628240442574831,0.001923478307112532,-0.01649111207199898,0.034393579827374676,247,0.7080432902297322,0.9617219484081244,0.14234025609256445,0.5246684609001588,0.5821583815735697,0.18347131371534173
0.022784488122412908,0.022998504929751157,-0.02774881206010858,-0.002353697256218114,0.003253462336908941,-0.01627032406163438,0.03396396263474991,248,0.6922960261942769,0.9510105727572638,0.05515804346222051,0.5118076667948681,0.6309154286063167,0.18696439537712137
0.0243985039991559,0.024336631797965875,-0.022346362412486376,-0.0023468478314982296,0.002740935519045399,-0.017104158640281197,0.034773102287632834,249,0.7042570481481202,0.976256757025319,0.1429813373332472,0.5118816369204678,0.6121262600116064,0.17377231909173266
-0.005538600348943262,0.00898573179773884,-0.011488598270863026,-0.0010850369354332536,0.001995882779229699,-0.015726191511808443,0.00930856663807132,250,0.482401509115446,0.6866342561310068,0.31948730651183616,0.525508520094191,0.5848127204026896,0.1955731030158907
-0.007279243658274255,0.008055151180274238,-0.010185859471017794,-0.003440347295027629,0.003190981203491827,-0.014957120682505522,0.007820627110342681,251,0.46950208654053804,0.6690771692038634,0.3406648870389128,0.5000724272468838,0.628624878124185,0.20774055362161647
-0.008090356421654517,0.009089751421056426,-0.011828518599415784,-0.0028222717863027394,0.0022651673170718586,-0.015821627292829644,0.009501188396985171,252,0.46349115584919237,0.6885967745140904,0.3139614941758777,0.5067473123474956,0.5946846576460049,0.19406321588020667
0.0015247139185076539,0.012333530955490234,-0.01535743534274846,-0.001541866582035933,0.0020014570267329053,-0.014626153335039421,0.010802334979550486,253,0.5347457631201591,0.7497965439802854,0.2565947230977801,0.5205750041101704,0.5850170716141305,0.21297677985587882
0.005298447099662708,0.013890230703081144,-0.0167804204979728,-0.0034532561875356216,0.002644199466232384,-0.015839403177023915,0.014281142902641297,254,0.5627118482610488,0.779166501053301,0.23346239394846918,0.49993301810827434,0.6085799284985217,0.19378198405517058
0.017233513841672276,0.010858243021946495,-0.018586064550716472,-0.00254111952574501,0.002649271175897379,-0.01672005305307472,0.021491983214546102,255,0.6511593024520418,0.7219625680670932,0.20410948580237023,0.5097836064709623,0.608765856736104,0.17984924410519884
-0.006030593416674051,0.009582620097008814,-0.01229847662415645,-0.0037478292082309627,0.001432739188730506,-0.017872754786591623,0.01013430551555802,256,0.47875548557313624,0.6978956337692277,0.30632176323789256,0.49675178694941813,0.5641679472978861,0.16161237843391352
-0.0038358056987548507,0.007933593058442852,-0.00944980213267754,-0.007702882092213355,-0.0014268998741902067,-0.016489404689134693,0.012334063074575043,257,0.49502044582311355,0.666783755316189,0.3526303812401283,0.4540393299845909,0.4593339393971682,0.18349832617749048
0.013566907705493408,0.017719377375974434,-0.017692004367141013,-0.008183231186935194,-5.58986404217111e-06,-0.015839264874881416,0.028118955334894207,258,0.6239871059929635,0.8514102806152869,0.21864350561967488,0.44885181653325584,0.5114389853679155,0.19378417212995303
-0.0057484961483490376,0.005524393246080163,-0.006437905710116274,-0.006132622915985018,-0.0004672285417425331,-0.01707651906699339,0.012215857693140104,259,0.48084602982872543,0.6213298422035851,0.4015923673539856,0.47099728970237464,0.4945153695826816,0.1742096040984304
-0.012809627978766423,0.007878357321757122,-0.010096660998142848,-0.0056611045243672295,0.00078504484257538,-0.018487291343374873,0.013107980282855909,260,0.4285179492567816,0.6657416332127667,0.34211491512007985,0.4760894362806577,0.5404235541391473,0.15188981073901034
0.010303904291307236,0.011858108608765164,-0.018320348727183862,-0.0071678139113151695,-0.0007755580742609347,-0.016364129870886743,0.02164941715204784,261,0.5998058968518832,0.7408268412893995,0.20842901497494795,0.4598177803164232,0.483212047751903,0.18548029598455595
0.011915510599560718,0.014358529680665097,-0.02467333816896476,-0.006715009924595594,0.0005987140864980145,-0.015940344232459724,0.02475265648938568,262,0.6117490621650221,0.788001808497953,0.1051535575256367,0.4647078213256316,0.5335926920880427,0.1921849981088719
0.01445475469163178,0.016884231471143485,-0.020142656493159796,-0.006881445072942174,0.0003025991170276318,-0.01846878845096144,0.027073710239705975,263,0.6305666926289293,0.8356537421996104,0.1788052181987581,0.4629104106917617,0.5227371546002897,0.15218254454313543
0.010907158854865064,0.014760335101571357,-0.0236962778970304,-0.007557289584325378,-0.0014562721892876877,-0.01615225661894071,0.025706545182768825,264,0.60427644833929,0.7955825946977225,0.12103684325502127,0.455611651242987,0.4582571540248749,0.18883233747345818
0.01114522553833261,0.01796067656798938,-0.02216707998323419,-0.007251760464094778,0.0004658213267875261,-0.01566018561741127,0.02620798977739604,265,0.6060406941986183,0.8559628264239438,0.14589578809116516,0.45891120242021705,0.5287208602537103,0.19661738064177892
0.008930707009585382,0.012718364060642522,-0.018128067136777212,-0.007043857005960062,0.0003020925915614672,-0.01916622288424685,0.02025902909906296,266,0.5896295144071346,0.7570571167375493,0.21155478267695774,0.46115644863282307,0.5227185854404924,0.1411484515904432
0.007832529711690668,0.013432702364974883,-0.021647797400243637,-0.008450877833695379,-0.0014595539249591396,-0.017732453350201873,0.022411126203839293,267,0.5814912284344852,0.7705344012083152,0.1543373488391043,0.44596137581934714,0.4581368460084647,0.16383208399566518
0.010668203396134996,0.016807309618052175,-0.02373900000719582,-0.009244960241100286,-0.0001881747019491415,-0.016564374544750526,0.02714508839258197,268,0.6025056160141281,0.8342024722763226,0.12034234415173033,0.4373857102978645,0.5047454482051728,0.1823122299424391
0.012459480561347986,0.01848276290775717,-0.02115602899514865,-0.007538286576565023,0.0008324894476280948,-0.01873937587650418,0.02678214061675026,269,0.6157802719870088,0.8658129297666839,0.16233163364954242,0.4558168735686995,0.5421628673851563,0.14790158756313146
0.01530702433318735,0.012700035539673145,-0.022781915782226738,-0.007694952435932406,-0.00014936003029442343,-0.018715137922408635,0.02665964335773706,270,0.6368826254770071,0.7567113160300489,0.13590089529635388,0.45412496603361,0.5061683891796742,0.14828505563655808
0.013370205281095763,0.016794300581617013,-0.025622314788483484,-0.006012784716977705,0.002786002430670274,-0.016673865228649585,0.025534436901489044,271,0.6225293991323952,0.8339570332684129,0.08972680522459338,0.47229147819188183,0.6137784073160001,0.18057998053527272
0.010475648589629126,0.017978728581099303,-0.022222170882469736,-0.0069282167145109045,0.0020736067612375543,-0.016855167795364532,0.024179994825605074,272,0.6010786459941165,0.8563034103104257,0.14500021949751582,0.46240530196470286,0.5876620717944575,0.17771159710276768
-0.010707954282517619,0.006033826059517806,-0.010407310994716493,-0.007795510034191392,0.0022587930813528522,-0.01768190106160907,0.008697865607559915,273,0.4440928674362573,0.630941213879725,0.33706492711100544,0.45303899772569745,0.594450978967324,0.16463187050559805
-0.009056231292322003,0.0001874228815143046,-0.0008530328825109415,-0.00907954776545926,-0.00044892161434416914,-0.016683626341708644,0.01584339506689529,274,0.4563333263016711,0.5206382407885846,0.4923811686502591,0.43917207661318636,0.4951864992355119,0.18042555020652049
-0.02606762024024132,0.0058197036399746955,-0.007608686071678477,-0.009436072605116783,-9.288179309276208e-05,-0.015599594854920917,0.019375801052468493,275,0.3302666626440436,0.6269014070511547,0.38255992939370603,0.4353217989260191,0.5082388742425583,0.19757598559944306
-0.030723301573199774,0.00517993028840784,-0.006622323285329705,-0.009628772900766419,0.0005903398111522436,-0.018131970137367448,0.024464575437142793,276,0.295764705484869,0.6148309253149966,0.39859443864398286,0.4332407387413682,0.5332856922085318,0.15751133876807485
-0.022749733307714196,0.005954692143550884,-0.00739633461913995,-0.00833045878530293,6.906943844327597e-05,-0.018803106808854293,0.019304675189382944,277,0.3548545982475085,0.6294482093882905,0.3860119567584476,0.4472618371717196,0.5141759859943609,0.14689330205563186
-0.03697676052967889,0.00445759959023323,-0.007075771486628935,-0.009031903724961701,-0.0011585606159267578,-0.017504414172325462,0.03035148868776184,278,0.24942206354206306,0.6012028498747962,0.3912230946731013,0.4396866067823338,0.4691712228101774,0.16743988619965264
-0.03572776465325437,0.0026456172531636696,-0.005417377744324044,-0.00999880719261079,0.00029902679732855304,-0.01710787885036139,0.028357601359940227,279,0.25867802397804096,0.5670165249016257,0.4181822725431658,0.4292445661920902,0.5226061938100232,0.17371346173988814
-0.035330385003979455,0.0027942468111394805,-0.006043621961339151,-0.008730708439688999,0.0013112439209448045,-0.018536415769117933,0.029424683312159278,280,0.26162289383804466,0.5698206904089987,0.40800192224038134,0.44293935485867947,0.5597139460821043,0.1511126144119762
-0.03618511523630812,0.003344576453694139,-0.0054999745920545785,-0.008432106841845196,0.00241955308125052,-0.017916452237437958,0.030417989090355754,281,0.2552887262373348,0.5802036547557534,0.4168395617907848,0.44616409249725436,0.6003444203172889,0.16092104214275446
-0.009404009052547516,-0.0002108932735464901,-0.0004310160537828489,-0.00905567475866509,-0.00027586404323311003,-0.017454155737736253,0.017026827146611825,282,0.45375604222097793,0.5131232859016653,0.499241557989421,0.43942989232519536,0.5015307679973905,0.16823502365264845
-0.009583666742466098,0.0006520087535570497,-0.0014444897773988252,-0.008727622171406482,0.0021149605997689215,-0.017084582186467787,0.01573167286006774,283,0.45242464913850755,0.529403493779562,0.48276632796134206,0.44297268490635916,0.5891780983068714,0.17408203768426575
-0.008908819685631873,0.0018430992757480346,-0.002646647197488346,-0.007769267831576013,0.003683419451521598,-0.016370402160555624,0.013893408763286106,284,0.4574257526459708,0.5518755713661114,0.46322381830922055,0.45332239948611663,0.6466776022787647,0.1853810622445374
-0.01214026499447799,0.0009043024247454364,-0.0015232188068572648,-0.007860745132695126,0.0041046848278576045,-0.015530835289365236,0.014992333283867895,285,0.43347841183061964,0.5341634703287094,0.48148649323056353,0.45233449353342187,0.6621211379206375,0.1986638289887551
-0.03528045229302678,0.0030338079537521575,-0.005674770352111132,-0.0313679405878501,0.007302983593539006,-0.021490783081414704,0.01684279867302304,286,0.26199293124630424,0.5743404447712548,0.4139980472179257,0.19846934844057118,0.7793703678734027,0.10437164209330968
-0.03802733897462511,0.0005939684371540222,-0.00206166848673619,-0.03243187238879958,0.007771264570738092,-0.02228778353508494,0.02217923704844895,287,0.24163651940628053,0.5283084582058111,0.4727333483508921,0.1869794537173915,0.7965374895217218,0.0917623175899173
-0.03948700750587005,-0.00015517035634648733,-0.0028174566359044696,-0.03255185959149358,0.007880143957354407,-0.02315829416470338,0.022943675034467363,288,0.23081932262455707,0.5141745995468818,0.4604471061722427,0.18568365606771836,0.8005289941226912,0.07798999040746263
-0.03876016380441796,-0.004599191506415043,-0.00024229614794675733,-0.03243722522401113,0.007573108774414876,-0.022677598809390888,0.026296145191432363,289,0.23620575877760458,0.43033010056043564,0.5023094262400487,0.18692164595847657,0.7892731229844623,0.08559505975779523
-0.045945952948924756,0.003286944315559826,-0.0005380739717941727,-0.03251939649332591,0.007962315214622848,-0.024236260324257866,0.027635765733832758,290,0.18295387758386059,0.5791163202035057,0.49750120322297403,0.186034240174709,0.8035413820654176,0.06093551440697326
-0.04720826893312632,0.0063781836808627194,0.0016787092879923732,-0.032459114591378645,0.00814026033354414,-0.024851612643454438,0.030405598986252957,291,0.1735992055404911,0.6374381434079256,0.5335376719308857,0.18668525249191667,0.8100648277144763,0.05120004055506618
-0.048193998055630516,0.005739687532265713,0.000832628155672152,-0.03195513815861987,0.007531954427794849,-0.02676455737363668,0.03207050733179385,292,0.16629424166454232,0.6253917584164712,0.5197836090947436,0.19212792856400537,0.7877644098203938,0.02093538920029739
-0.046068138151080254,0.0016561931297995377,0.0005989296380318994,-0.03195073396841302,0.006880130613949981,-0.02772459855079086,0.032075112981221746,293,0.18204839709480503,0.5483492487777734,0.5159845596022645,0.19217549146396984,0.7638686308962186,0.005746601435360172
-0.052534453022353385,0.011331097795690942,0.005211851005582269,-0.0325907528702663,0.006829058733335209,-0.028087825300154943,0.03907541392669068,294,0.1341283392749048,0.7308838288485233,0.5909731250291763,0.18526362944746036,0.7619963421849275,0.0
-0.05271734157493925,0.010963381843742813,0.0024253924283601323,-0.03207651382059191,0.006918121550585914,-0.028037627353410977,0.03701896102605535,295,0.1327730031694134,0.7239462021542987,0.5456759012791077,0.19081713629633335,0.7652613738486734,0.00079418047628938
-0.04634965771548463,0.0008873169419505395,0.002639452304458843,-0.03208296073917532,0.006658614064170419,-0.0280602495759422,0.0343412027837156,296,0.1799621340420077,0.5338430084661553,0.5491557011163698,0.19074751302184695,0.7557478620793274,0.0004362748520572464
-0.04037550296877404,0.00043999306056214315,0.0010557008712848994,-0.03355868227683764,0.007216256082643266,-0.02774218176213302,0.030359592043677885,297,0.22423493030796462,0.5254034341587503,0.5234099234402164,0.17481050926527436,0.7761909482465189,0.005468417882761132
-0.04319237741053588,-0.0014838301221352108,0.0016207282232735141,-0.03287699925706001,0.007174515537013789,-0.027896097912579427,0.03244405956622387,298,0.2033598586778617,0.4891070292936921,0.5325951202334349,0.18217232148372137,0.7746607451005906,0.0030333142660012077
-0.047547869960936615,0.006059119945137184,0.001311806400821443,-0.03418767854977695,0.0063651808725795015,-0.027777111042310957,0.032011771363789035,299,0.17108251694546714,0.6314184287928772,0.5275732257659275,0.16801768574886533,0.7449906382308896,0.004915802603302662
-0.05184222629443653,0.011844849398552404,0.006600677564883613,-0.03464598926469508,0.007895646311464827,-0.027242733356640857,0.03816651982836888,300,0.13925823868231257,0.7405766823005683,0.6135501652625994,0.16306817501874615,0.8010973084719963,0.013370178777063344
-0.056123061311315246,0.013870875152919517,0.012675492693595468,-0.03503060620263268,0.008986123293714449,-0.025960737053011176,0.04428894571188582,301,0.10753416312923135,0.7788013235820184,0.7123035658603885,0.15891451768684675,0.8410740573054478,0.033652610650439174
-0.05815838628833654,0.015416685757664394,0.014171199415855632,-0.03507650540721529,0.008771963014143642,-0.024991412070868625,0.045941655431739066,302,0.09245093682139388,0.8079658372749314,0.7366180712388403,0.15841883081287492,0.8332229684279533,0.048988277264924704
-0.0531272537783558,0.010373932922596188,0.01152224095526637,-0.03513714429299298,0.008823416926287901,-0.025644388297692024,0.04132077527318446,303,0.12973525804257635,0.7128251818434754,0.6935560766788602,0.15776396326112507,0.8351092623670018,0.038657556499207685
-0.039954444042273336,-0.005532497701351384,0.003603908426466523,-0.03508479864553033,0.009133754222408369,-0.025706603838411786,0.03313485356857321,304,0.22735528069379826,0.4127215906832545,0.5648340912825921,0.15832926827224117,0.8464861885585723,0.03767324596528409
-0.042242100545725685,-0.003293718899697493,0.0005080178039564224,-0.03487831103584867,0.009108768217166352,-0.026236621792802572,0.030386227633424284,305,0.21040209575000296,0.4549602031082316,0.5145066787813154,0.160559224078399,0.8455702047531638,0.029287844992472545
-0.039940681192745145,-0.0049075767719493684,0.00020732867384350587,-0.034843332951306566,0.009010180694481895,-0.02592588478558859,0.030043830942560287,306,0.22745727333694768,0.42451185460471397,0.5096186165946824,0.16093696869384205,0.8419559985877679,0.034204007512996334
-0.04542875487310084,0.001361778094687992,-0.0012330567259649064,-0.035180110594564405,0.00861365814039622,-0.025076290260032948,0.026946692915929882,307,0.18678668841834803,0.5427945764935013,0.48620342561542235,0.1572999501718843,0.8274195316934553,0.04764542152939197
-0.06116297520891874,0.013257659722900961,0.00999299777976698,-0.03545377130950332,0.0083069177746152,-0.025864914791717663,0.044398906573973974,308,0.07018476549110995,0.7672319050836679,0.6686963960594848,0.15434456073647865,0.8161744685151279,0.03516861228097111
-0.06740040349880512,0.013452624097896338,0.008009178975089046,-0.03532413035731021,0.007809147255270443,-0.025154471560377978,0.046481865779673955,309,0.023960922351843272,0.7709102607416829,0.6364470437778247,0.15574461372030926,0.7979262639656926,0.04640851710655514
-0.05697992995338435,0.0062514245778654545,0.014794431672258851,-0.03603960018076719,0.008834982498452609,-0.024981977801833283,0.045025936227530365,310,0.10118414836975423,0.635046603601097,0.7467494585120364,0.14801792208293524,0.8355332547859797,0.04913753660244593
-0.05845812986032294,0.013730659334095596,0.010086589106670955,-0.036984193251877066,0.008430444161909757,-0.024084323046391083,0.04070471068202431,311,0.09022962072611013,0.7761558984856314,0.6702178352477398,0.13781682184924388,0.8207029303163029,0.06333931032949985
-0.056056600672239866,0.007476578234932717,0.015399829171727431,-0.03678566076184783,0.008149215807947405,-0.023879565940323703,0.043757198798634246,312,0.10802668440767826,0.6581613438530943,0.7565909204362609,0.13996086661558216,0.8103931342782381,0.0665787674501195
-0.040691745665981126,-0.004259021004084686,0.006483974789393792,-0.03744326614390543,0.00795821207514361,-0.022955212117595904,0.0320387129744971,313,0.22189134379277517,0.4367480325132159,0.6116530217784546,0.13285908001375754,0.8033909614888625,0.08120294646162678
-0.04428865865453721,-0.004484585582192731,0.0061440906702035815,-0.03821142936989858,0.005650743301805333,-0.021537095615071056,0.03009826708508235,314,0.19523562383232398,0.43249234866250647,0.6061277980690815,0.12456332779636664,0.7187994468633288,0.10363893264156722
-0.043869973087163464,-0.00432120893837949,0.003530630551951562,-0.03823912202025523,0.005341076442513867,-0.02094627256177123,0.02691068614060406,315,0.1983383859149501,0.43557474462419016,0.5636428716086422,0.12426426197568177,0.707447098801474,0.112986329583232
-0.04874232054738397,-0.0013416129130904967,0.00037693991153533844,-0.03805899753810089,0.005442181251265047,-0.021425003736466997,0.025208688990419375,316,0.1622307764557094,0.4917902142374498,0.5123758505428404,0.12620951009701217,0.7111535883570461,0.10541233548595036
-0.053658071512137834,0.0008823924686441121,0.0007952502182426842,-0.038016624243050114,0.004701921430290847,-0.023941321701587245,0.029515109088489384,317,0.12580151571776824,0.5337500993680194,0.5191759859242795,0.12666711903282282,0.6840157565492335,0.065601731075623
-0.06892787941053019,0.01489399373401399,0.005750382979466983,-0.03648867309483992,0.0050668464042193054,-0.02624428348534689,0.046610445323211576,318,0.012641223966361045,0.7981043066099607,0.5997276076965414,0.14316817466385967,0.6973938601344153,0.029166629543859363
-0.05607209251882969,0.005128012646035531,0.014635140102892989,-0.03683969913335981,0.004763072777975886,-0.024204921103227528,0.04334245598643382,319,0.10791187864905066,0.6138514050637942,0.7441599831406643,0.13937728108958264,0.6862575572539019,0.06143133144927895
-0.056062582623520686,0.0015258262575884728,0.003020891604812383,-0.03680262303347609,0.004447104398356706,-0.025627287693158498,0.03464387516538195,320,0.10798235383347034,0.5458896418776581,0.5553564540995377,0.13977768314921646,0.6746741962504533,0.03892810474140057
-0.04857520364100761,-0.0019324575405753085,0.01183445453795001,-0.036218499820386996,0.004486837031441542,-0.025524112710812067,0.0398692615807359,321,0.16346923328555152,0.48064286140148654,0.6986314826541143,0.14608590160623558,0.6761307895753738,0.04056043359020724
-0.026266919863461677,-0.011363706114125963,0.018883466107194758,-0.03683075335246182,0.004233534499811974,-0.02554579712640767,0.04825793120548302,322,0.32878970866665036,0.3027052943280734,0.8132216139695484,0.1394738907412942,0.6668447506670213,0.04021736498635356
-0.03962737639154474,-0.012120231617586113,0.006391433534003688,-0.037644931303147694,0.0028313186493043275,-0.02335223653400202,0.033349135716330636,323,0.22977908792340931,0.28843207202194043,0.6101486527611707,0.13068120409449374,0.6154396941839521,0.07492163297029712
-0.040572758408890595,-0.010443724964607014,0.006126690425619506,-0.03650993660845491,0.0014957104202130993,-0.023403993901963228,0.032111025445253696,324,0.2227731252019887,0.32006240311618106,0.6058449362391322,0.14293854008327556,0.5664764647133748,0.07410278092942443
-0.04177268236966299,-0.01280664262811384,0.009452724464719765,-0.037148530750637114,0.0019193067144089922,-0.023974056195226325,0.036818283875303504,325,0.21388082306013895,0.2754816864740252,0.6599136058045216,0.1360420647096053,0.5820054515104327,0.065083839459817
-0.04147765012950803,-0.00992174396116663,0.026764684039383663,-0.03806972739899541,0.002813294435658253,-0.022170882353487416,0.050680220979163484,326,0.21606722478792506,0.3299105190985333,0.941340257115972,0.12609363333502197,0.6147789287816754,0.0936118082982414
-0.03883036552899652,-0.011228717610549775,0.025510227132734972,-0.03725515916449852,0.0016080986982222258,-0.023511639785898385,0.050699196879478374,327,0.23568551335686175,0.3052520966652093,0.9209475566287706,0.13489053483835428,0.5705966048308913,0.07239971805694767
-0.03979584045079587,-0.011073359694660636,0.025846592360237633,-0.0372165836262481,0.001389438853423439,-0.024338534576925582,0.05177374700672425,328,0.22853064771896564,0.30818320481736156,0.9264155765363624,0.13530713003082037,0.5625805624588189,0.059317435980178836
-0.04102684191991452,-0.012811488099174711,0.024822117573927754,-0.03850083638570925,0.0014342166245079038,-0.023540508994619756,0.050480337317038264,329,0.21940803882180046,0.27539026789618026,0.909761511049394,0.12143788672876565,0.5642221099074157,0.07194297901840936
-0.02825248330106234,-0.014799671777919705,0.017218885501534633,-0.03836128600169292,0.002246739081866741,-0.022757315954563092,0.044619106872498364,330,0.3140752512625416,0.23787958583409513,0.7861618612206739,0.1229449562791786,0.5940090808642566,0.08433385677186035
-0.030617372728947878,-0.016967374892653556,0.013171709089703361,-0.0388820958432892,0.001230388199682198,-0.022727841992655345,0.04108822212795763,331,0.29654971463496416,0.19698194483087558,0.7203701580956694,0.11732048838998041,0.5567497855236718,0.08480016359563183
-0.0300840581950302,-0.017595995760555854,0.013875872563159941,-0.038398939658433516,0.001800728333068385,-0.02335531408139705,0.04279639492149391,332,0.3005019600499012,0.18512187487578996,0.7318171792983268,0.12253831691422484,0.5776583829843723,0.07487294316893027
-0.03161724489928701,-0.017582038697174,0.016435512401625805,-0.03883459928694173,0.0017096590878783965,-0.02182897153088247,0.04345607596652024,333,0.2891399405721483,0.18538520012719106,0.773427192607107,0.11783342580914484,0.574319795925064,0.09902117098253344
-0.03159190492902439,-0.01818739340375957,0.01467975991283191,-0.03859024252068623,0.0019859429644431123,-0.02154555915604142,0.04205013639589287,334,0.28932772803136003,0.17396408839779,0.7448853316281714,0.12047234826325963,0.584448328044444,0.10350503116879935
-0.039039387366060815,-0.011785077757848667,0.012275830208599962,-0.040000725642232046,0.0024583671380153404,-0.021914601904351287,0.03705112065583273,335,0.23413651076154415,0.29475535593624547,0.7058065731703347,0.10523988452740705,0.601767338750004,0.0976664149576871
-0.03788863901138783,-0.014994241141687294,0.007034709318456934,-0.04046072770302999,0.0026998686639790256,-0.021867836671355435,0.033986090195046996,336,0.2426643861882518,0.23420868277753487,0.6206058716050368,0.10027210816589849,0.6106207542768761,0.09840628655450484
-0.03982040850328419,-0.019101870730171337,0.012197933994480109,-0.0407635053589713,0.0030082528863431533,-0.02239758558349754,0.04106819904606231,337,0.22834858072730202,0.15671081918995186,0.7045402768510161,0.09700227133219154,0.6219260810305113,0.09002514209246831
-0.03279838113853773,-0.009249500686675575,0.023837822013004408,-0.03989796338524489,0.0027547668186667577,-0.02186377173926714,0.04778223705432012,338,0.28038686899972576,0.34259360467427163,0.8937606070259821,0.10634966197107874,0.6126333137137969,0.09847059774473002
-0.029023377337933292,-0.015502304582868606,0.0173847671748841,-0.03994551055148376,0.0022865881551893887,-0.021391931525997512,0.044038279495452914,339,0.3083623703473258,0.22462314678643824,0.7888584666305549,0.10583617799214086,0.5954699428736306,0.10593557011139357
-0.042214765768762735,-0.017263369972676253,0.0076126074529509835,-0.040933162681719516,0.003290869431251084,-0.02146744333731684,0.035633812845543684,340,0.21060466616586346,0.1913974621407846,0.6300002983935451,0.09517006293720434,0.6322867679738107,0.10474089960853548
-0.04687966073860935,-0.013714207258039311,0.010664990880480434,-0.04013842374401749,0.003337752161926818,-0.021262293115171513,0.036817999125651014,341,0.1760344293108804,0.2583588377916451,0.6796204492969334,0.10375281863494618,0.6340054829759226,0.10798657620892017
-0.045728293533012825,-0.013624342203717473,0.011615480063825567,-0.04089816333850584,0.003297134179699942,-0.020905977736394677,0.036977178612516495,342,0.18456689086935374,0.26005430462260026,0.6950717901357865,0.09554803713493644,0.6325164328629568,0.11362383302082815
-0.049531434477136656,-0.01480184433967254,0.009452632295433281,-0.04141537440356244,0.0029800822435272034,-0.020307777105705315,0.03560546744323896,343,0.15638287299090453,0.23783859652609404,0.6599121074823048,0.08996243410863297,0.620893348812719,0.12308795043225572
-0.04871834418879728,-0.01667344703805628,0.011829151512216952,-0.040612724172364334,-0.000681375447635042,0.011610860271565198,0.017930283898190288,344,0.16240845856873007,0.20252742557335346,0.6985452756151344,0.09863062754713321,0.4866647709825491,0.6280719244597517
-0.02814826617213086,-0.015408568418514443,0.01694495179858391,-0.043284775519095584,-4.5810217964770924e-05,0.011067972304647497,0.022353235620631205,345,0.3148475753673276,0.22639164911164988,0.7817087405690065,0.06977390135333623,0.5099645122585068,0.6194829073364507
-0.04385175484016184,-0.017974811528004835,0.01047389432375715,-0.04277979865708306,0.0004595014282252964,0.010645952829345664,0.01846625539615491,346,0.19847339626738025,0.1779748300806868,0.6765139457377124,0.07522738152658372,0.5284891735683538,0.6128061476353404
-0.03392255017522092,-0.01861889050195458,0.0134454255364788,-0.043295580692445414,9.00234759601063e-05,0.01108544663131621,0.02105817332397674,347,0.27205596549291994,0.16582311498867203,0.7248197469878256,0.06965721125708715,0.5149441583707544,0.619759368227319
-0.033500586014656525,-0.01885119660501688,0.01584506278536878,-0.04324884920629273,0.0008213565298686464,0.010573996810152971,0.02257924087770405,348,0.27518302431617675,0.16144024007313482,0.7638287264395605,0.07016188632711783,0.5417547360221863,0.6116677332319422
-0.04438863599629043,-0.009317047606627374,0.028489908743789986,-0.043080478925654475,0.0011227947972685265,0.010168825842585489,0.02112732029890316,349,0.19449471960899611,0.3413192098255098,0.9693858523720645,0.07198019535530867,0.5528054249416131,0.6052575333557879
-0.04398531471979753,-0.009678022033621248,0.028476669284138615,-0.04275671886201772,0.0015299711497262262,0.010088170217848295,0.021570012908913083,350,0.19748362121281335,0.3345087741961127,0.9691706290879072,0.0754766309759344,0.5677324587424937,0.603981482707822
-0.04333462753718291,-0.011504027269277293,0.027744581808637633,-0.04264374350590815,0.0016636390462666925,0.010143837090722719,0.021992066105015966,351,0.2023056826240328,0.30005788187129856,0.9572696697650344,0.07669670443069372,0.5726327069953915,0.6048621869294197
-0.043457668596998615,-0.012908884700906379,0.02708476163726052,-0.04389174239969492,0.0014973739187171718,0.010064083919072847,0.02230318760778547,352,0.20139385961232265,0.27355270479748794,0.9465435020832332,0.06321898349833897,0.5665374483590313,0.6036004139694708
-0.03813965054196602,-0.019036048692580878,0.020823702006406715,-0.04352620951121811,0.0014707917585235436,0.010115973042915897,0.023752915239436675,353,0.24080420967377283,0.15795267101236135,0.8447624738886417,0.06716654329748227,0.5655629497141181,0.6044213505168978
-0.04653916106025584,-0.018948566872666696,0.009113027975862754,-0.043049666247554685,0.0013713527197650177,0.010498809527083867,0.020663883874975277,354,0.17855777755469165,0.1596031738145395,0.6543914322510901,0.07231295580780182,0.5619175270766879,0.6104781970825199
-0.043738816192496824,-0.021879984695206443,0.01056735068849163,-0.04507686987104806,-6.860327230902378e-05,0.010766117352619125,0.021853289349856867,355,0.19931035311744832,0.10429667315871059,0.6780331909541499,0.05042024032021092,0.5091289217568278,0.6147072675917631
-0.04559367864422292,-0.022209990241941716,0.015481612954680767,-0.04597941331048657,-0.0001659362912057878,0.010497062597104367,0.022603867989415636,356,0.1855644843028083,0.09807052148336576,0.7579204138462284,0.040673253630847554,0.5055607055422954,0.6104505589464375
-0.03721636775693481,-0.01899894397125063,0.020113435609480805,-0.04674982286732725,0.00034366177514856517,0.010147928620013381,0.023755725477442844,357,0.2476464011419565,0.15865271870901068,0.8332162423506219,0.03235324224108443,0.5242425064755287,0.6049269189133271
-0.043649010389859154,-0.019772046779236965,0.008471964254285123,-0.045519573101004504,0.000589480117542215,0.010169186759279617,0.020517586277533945,358,0.19997587889845816,0.14406673556182673,0.6439701731404298,0.04563928208466262,0.533254175949059,0.6052632434098965
-0.04229170572653532,-0.02258747613825714,0.011774337120840863,-0.045914508279675366,0.0004959695263445045,0.009974801853056488,0.02343519765800268,359,0.21003448557637464,0.09094856711316027,0.6976542019881359,0.04137419326848218,0.5298260894525733,0.6021878846069728
-0.04370243895017775,-0.022704926143319527,0.01560211442147782,-0.0472751377619699,-0.0004303983092059936,0.010020398669766317,0.023239499085939523,360,0.19957993472458635,0.08873266028061529,0.759879309610313,0.026680122187171435,0.4958655612690328,0.6029092707185719
-0.043798295008121046,-0.0183650957881006,0.020725742513675448,-0.04744655316292041,-0.0007541654310284823,0.010619114906116013,0.02063004064958639,361,0.1988695721872721,0.17061141142334746,0.8431700249296067,0.02482892748738399,0.48399629935859273,0.6123815455144238
-0.038333752475780726,-0.01840055462931506,0.019524075565860433,-0.04806213219715689,-0.0005406322664753069,0.01017800447347485,0.022382297551276364,362,0.2393657743243473,0.16994241623275963,0.8236354884921396,0.018181002976751185,0.49182439827852054,0.6054027482485121
-0.04347610080841529,-0.020132310186020817,0.01512803840468746,-0.048862772411697106,-0.0005796247649351396,0.009935244029019514,0.020935349329913453,363,0.20125726362922886,0.1372697146150483,0.7521726357761367,0.009534516643697321,0.4903949381957393,0.6015620412493771
-0.03943389001689334,-0.020555749055168947,0.014160655907833915,-0.04887595184266509,-0.00020744702755696746,0.010262560621400046,0.02276842273392542,364,0.2312129615353871,0.12928077427560716,0.7364466738795274,0.00939218583433677,0.504038927175567,0.6067405089775502
-0.03777336485983851,-0.019095432047158387,0.012847424622250556,-0.04791406616385493,0.00043510972005091124,0.010419396242194696,0.022139810443460077,365,0.24351865080687157,0.15683229659366424,0.715098525421508,0.01978003698738992,0.5275949766185982,0.6092218014626221
-0.04306931330839855,-0.021291668139579476,0.012641268262467843,-0.04953513461774352,-0.00015504848026699593,0.009985631936351762,0.022262433382795373,366,0.2042718524497972,0.11539632934536348,0.7117472067143457,0.0022733642310861224,0.505959851320089,0.6023592270874445
-0.042662262467563286,-0.01960843312868705,0.014624073204994453,-0.04974564172497698,-0.00048276634900514383,0.009726060953055232,0.020975126113850502,367,0.2072883928157977,0.14715360308438333,0.74398007745162,0.0,0.49394575552528214,0.5982525609682745
-0.04330143507288788,-0.02052614954716668,0.009510534357906582,-0.04860400608272378,-0.00040685554362982726,0.010128481634601508,0.02081550165986592,368,0.2025516627286004,0.1298392225446162,0.6608533749035698,0.012329054672501286,0.4967286360900544,0.6046192486371786
-0.04474774893287335,-0.019465478565350466,0.01038633350159741,-0.04701652559122205,0.0004371836738457668,0.010520379413742186,0.020032006390762715,369,0.1918334336946064,0.1498506995508565,0.6750905396316494,0.029472995389545873,0.5276710075035217,0.610819453726884
-0.042576087476461036,-0.02175796572694264,0.014625310906841523,-0.047345620527955865,-0.0004754328447497881,0.010379266928309825,0.022219890658564157,370,0.20792701166416136,0.10659878174808216,0.7440001977785327,0.025918945991239953,0.49421460086769414,0.60858691657825
-0.043156865901157714,-0.01861322867435628,0.02111117142742965,-0.047012219868499815,0.00039757658143133463,0.010576330878011105,0.022073906226326497,371,0.2036230245793914,0.16592993560952343,0.8494356338601637,0.02951949489331247,0.5262190164837675,0.6117046604619089
